projid,library_ids,fastq_dirs,n_source_dirs,n_fastqs,batch,index
10100574,D19-10914_9,/om/scratch/Mon/mabdel03/Tsai_Data/FASTQs/10100574/D19-10914_9,1,6,1,1
10100862,D19-4140|D19-4140,/om/scratch/Mon/mabdel03/Tsai_Data/FASTQs/10100862/D19-4140/HL32WDMXX|/om/scratch/Mon/mabdel03/Tsai_Data/FASTQs/10100862/D19-4140/10x-3862H,2,12,1,2
10101291,D17-8793,/om/scratch/Mon/mabdel03/Tsai_Data/FASTQs/10101291/D17-8793,1,12,1,3
10101327,D17-8772,/om/scratch/Mon/mabdel03/Tsai_Data/FASTQs/10101327/D17-8772,1,12,1,4
10101589,D19-7499|D19-7499,/om/scratch/Mon/mabdel03/Tsai_Data/FASTQs/10101589/D19-7499/HLFG3DMXX|/om/scratch/Mon/mabdel03/Tsai_Data/FASTQs/10101589/D19-7499/HL2CHDMXX,2,12,1,5
10102206,D17-8787,/om/scratch/Mon/mabdel03/Tsai_Data/FASTQs/10102206/D17-8787,1,12,1,6
10202345,D19-5032|D19-5032,/om/scratch/Mon/mabdel03/Tsai_Data/FASTQs/10202345/D19-5032/10x-3914H|/om/scratch/Mon/mabdel03/Tsai_Data/FASTQs/10202345/D19-5032/HL3JJDMXX,2,12,1,7
10203224,D19-4160|D19-4160,/om/scratch/Mon/mabdel03/Tsai_Data/FASTQs/10203224/D19-4160/10x-3862H|/om/scratch/Mon/mabdel03/Tsai_Data/FASTQs/10203224/D19-4160/HL32WDMXX,2,12,1,8
10205244,D19-5028|D19-5028,/om/scratch/Mon/mabdel03/Tsai_Data/FASTQs/10205244/D19-5028/10x-3914H|/om/scratch/Mon/mabdel03/Tsai_Data/FASTQs/10205244/D19-5028/HL3JJDMXX,2,12,1,9
10222853,D17-8766,/om/scratch/Mon/mabdel03/Tsai_Data/FASTQs/10222853/D17-8766,1,12,1,10
10246987,D19-7308|D19-7308,/om/scratch/Mon/mabdel03/Tsai_Data/FASTQs/10246987/D19-7308/HL2CHDMXX|/om/scratch/Mon/mabdel03/Tsai_Data/FASTQs/10246987/D19-7308/HLFG3DMXX,2,12,1,11
10248033,D17-8756,/om/scratch/Mon/mabdel03/Tsai_Data/FASTQs/10248033/D17-8756,1,12,1,12
10249336,D19-5954|D19-5954,/om/scratch/Mon/mabdel03/Tsai_Data/FASTQs/10249336/D19-5954/HL2FCDMXX|/om/scratch/Mon/mabdel03/Tsai_Data/FASTQs/10249336/D19-5954/HKMG5DMXX,2,12,1,13
10253148,D19-5939|D19-5939,/om/scratch/Mon/mabdel03/Tsai_Data/FASTQs/10253148/D19-5939/HL2FCDMXX|/om/scratch/Mon/mabdel03/Tsai_Data/FASTQs/10253148/D19-5939/HKMG5DMXX,2,12,1,14
10260309,D17-8755,/om/scratch/Mon/mabdel03/Tsai_Data/FASTQs/10260309/D17-8755,1,12,1,15
10261026,D17-8781,/om/scratch/Mon/mabdel03/Tsai_Data/FASTQs/10261026/D17-8781,1,12,1,16
10263208,D19-4142|D19-4142,/om/scratch/Mon/mabdel03/Tsai_Data/FASTQs/10263208/D19-4142/HL32WDMXX|/om/scratch/Mon/mabdel03/Tsai_Data/FASTQs/10263208/D19-4142/10x-3862H,2,12,1,17
10271474,D19-5034|D19-5034,/om/scratch/Mon/mabdel03/Tsai_Data/FASTQs/10271474/D19-5034/10x-3914H|/om/scratch/Mon/mabdel03/Tsai_Data/FASTQs/10271474/D19-5034/HL3JJDMXX,2,12,1,18
10277308,D19-4135|D19-4135,/om/scratch/Mon/mabdel03/Tsai_Data/FASTQs/10277308/D19-4135/HL32WDMXX|/om/scratch/Mon/mabdel03/Tsai_Data/FASTQs/10277308/D19-4135/10x-3862H,2,12,1,19
10288185,D17-8767,/om/scratch/Mon/mabdel03/Tsai_Data/FASTQs/10288185/D17-8767,1,12,1,20
10290265,D17-8760,/om/scratch/Mon/mabdel03/Tsai_Data/FASTQs/10290265/D17-8760,1,12,1,21
10290427,D19-4770|D19-4770,/om/scratch/Mon/mabdel03/Tsai_Data/FASTQs/10290427/D19-4770/10x-3877H|/om/scratch/Mon/mabdel03/Tsai_Data/FASTQs/10290427/D19-4770/HL2TKDMXX,2,12,1,22
10291856,D19-2472,/om/scratch/Mon/mabdel03/Tsai_Data/FASTQs/10291856/D19-2472,1,12,1,23
10292311,D19-5962|D19-5962,/om/scratch/Mon/mabdel03/Tsai_Data/FASTQs/10292311/D19-5962/HKM22DMXX|/om/scratch/Mon/mabdel03/Tsai_Data/FASTQs/10292311/D19-5962/HL2LTDMXX,2,12,1,24
10298957,D19-8352,/om/scratch/Mon/mabdel03/Tsai_Data/FASTQs/10298957/D19-8352,1,6,1,25
10300914,D19-6003|D19-6003,/om/scratch/Mon/mabdel03/Tsai_Data/FASTQs/10300914/D19-6003/HL2YTDMXX|/om/scratch/Mon/mabdel03/Tsai_Data/FASTQs/10300914/D19-6003/HKNF5DMXX,2,12,1,26
10310236,D22-2707,/om/scratch/Mon/mabdel03/Tsai_Data/FASTQs/10310236/D22-2707,1,8,1,27
10315029,D19-7310|D19-7310,/om/scratch/Mon/mabdel03/Tsai_Data/FASTQs/10315029/D19-7310/HL2CHDMXX|/om/scratch/Mon/mabdel03/Tsai_Data/FASTQs/10315029/D19-7310/HLFG3DMXX,2,12,1,28
10345561,D19-5993|D19-5993,/om/scratch/Mon/mabdel03/Tsai_Data/FASTQs/10345561/D19-5993/HKNF5DMXX|/om/scratch/Mon/mabdel03/Tsai_Data/FASTQs/10345561/D19-5993/HL2YTDMXX,2,12,1,29
10383017,D19-4110|D19-4110,/om/scratch/Mon/mabdel03/Tsai_Data/FASTQs/10383017/D19-4110/HKYYMDMXX|/om/scratch/Mon/mabdel03/Tsai_Data/FASTQs/10383017/D19-4110/10x-3855H,2,12,1,30
10394182,D19-7343,/om/scratch/Mon/mabdel03/Tsai_Data/FASTQs/10394182/D19-7343,1,6,2,31
10405008,D19-7311|D19-7311,/om/scratch/Mon/mabdel03/Tsai_Data/FASTQs/10405008/D19-7311/HL2CHDMXX|/om/scratch/Mon/mabdel03/Tsai_Data/FASTQs/10405008/D19-7311/HLFG3DMXX,2,12,2,32
10435090,D19-5986,/om/scratch/Mon/mabdel03/Tsai_Data/FASTQs/10435090/D19-5986,1,6,2,33
10436131,D19-7284|D19-7284,/om/scratch/Mon/mabdel03/Tsai_Data/FASTQs/10436131/D19-7284/HLFG3DMXX|/om/scratch/Mon/mabdel03/Tsai_Data/FASTQs/10436131/D19-7284/HL2CHDMXX,2,12,2,34
10438999,D19-8344,/om/scratch/Mon/mabdel03/Tsai_Data/FASTQs/10438999/D19-8344,1,6,2,35
10460587,D19-5053|D19-5053,/om/scratch/Mon/mabdel03/Tsai_Data/FASTQs/10460587/D19-5053/10x-3914H|/om/scratch/Mon/mabdel03/Tsai_Data/FASTQs/10460587/D19-5053/HL3JJDMXX,2,12,2,36
10473384,D19-7342,/om/scratch/Mon/mabdel03/Tsai_Data/FASTQs/10473384/D19-7342,1,6,2,37
10484873,D19-4126|D19-4126,/om/scratch/Mon/mabdel03/Tsai_Data/FASTQs/10484873/D19-4126/10x-3855H|/om/scratch/Mon/mabdel03/Tsai_Data/FASTQs/10484873/D19-4126/HKYYMDMXX,2,12,2,38
10485914,D20-7432|D20-7432,/om/scratch/Mon/mabdel03/Tsai_Data/FASTQs/10485914/D20-7432/10x-4826F|/om/scratch/Mon/mabdel03/Tsai_Data/FASTQs/10485914/D20-7432/10x-4819F,2,6,2,39
10490993,D19-5951|D19-5951|D20-7452|D20-7452,/om/scratch/Mon/mabdel03/Tsai_Data/FASTQs/10490993/D19-5951/HKMG5DMXX|/om/scratch/Mon/mabdel03/Tsai_Data/FASTQs/10490993/D19-5951/HL2FCDMXX|/om/scratch/Mon/mabdel03/Tsai_Data/FASTQs/10490993/D20-7452/10x-4819F|/om/scratch/Mon/mabdel03/Tsai_Data/FASTQs/10490993/D20-7452/10x-4826F,4,18,2,40
10502798,D19-4145|D19-4145,/om/scratch/Mon/mabdel03/Tsai_Data/FASTQs/10502798/D19-4145/HL32WDMXX|/om/scratch/Mon/mabdel03/Tsai_Data/FASTQs/10502798/D19-4145/10x-3862H,2,12,2,41
10510090,D19-7285|D19-7285,/om/scratch/Mon/mabdel03/Tsai_Data/FASTQs/10510090/D19-7285/HL2CHDMXX|/om/scratch/Mon/mabdel03/Tsai_Data/FASTQs/10510090/D19-7285/HLFG3DMXX,2,12,2,42
10514454,D17-8759,/om/scratch/Mon/mabdel03/Tsai_Data/FASTQs/10514454/D17-8759,1,12,2,43
10516762,D19-5978,/om/scratch/Mon/mabdel03/Tsai_Data/FASTQs/10516762/D19-5978,1,6,2,44
10518782,D19-4107|D19-4107,/om/scratch/Mon/mabdel03/Tsai_Data/FASTQs/10518782/D19-4107/HKYYMDMXX|/om/scratch/Mon/mabdel03/Tsai_Data/FASTQs/10518782/D19-4107/10x-3855H,2,12,2,45
10536568,D17-8765,/om/scratch/Mon/mabdel03/Tsai_Data/FASTQs/10536568/D17-8765,1,12,2,46
10551157,D19-7322,/om/scratch/Mon/mabdel03/Tsai_Data/FASTQs/10551157/D19-7322,1,6,2,47
10557081,D19-5050|D19-5050,/om/scratch/Mon/mabdel03/Tsai_Data/FASTQs/10557081/D19-5050/10x-3914H|/om/scratch/Mon/mabdel03/Tsai_Data/FASTQs/10557081/D19-5050/HL3JJDMXX,2,12,2,48
10577337,D19-7318,/om/scratch/Mon/mabdel03/Tsai_Data/FASTQs/10577337/D19-7318,1,6,2,49
10669174,D19-5959|D19-5959,/om/scratch/Mon/mabdel03/Tsai_Data/FASTQs/10669174/D19-5959/HKMG5DMXX|/om/scratch/Mon/mabdel03/Tsai_Data/FASTQs/10669174/D19-5959/HL2FCDMXX,2,12,2,50
10684501,D19-2459,/om/scratch/Mon/mabdel03/Tsai_Data/FASTQs/10684501/D19-2459,1,12,2,51
10866165,D19-4781|D19-4781,/om/scratch/Mon/mabdel03/Tsai_Data/FASTQs/10866165/D19-4781/HL2TKDMXX|/om/scratch/Mon/mabdel03/Tsai_Data/FASTQs/10866165/D19-4781/10x-3877H,2,12,2,52
10901987,D19-5988,/om/scratch/Mon/mabdel03/Tsai_Data/FASTQs/10901987/D19-5988,1,6,2,53
10929637,D19-5931|D19-5931,/om/scratch/Mon/mabdel03/Tsai_Data/FASTQs/10929637/D19-5931/HL2FCDMXX|/om/scratch/Mon/mabdel03/Tsai_Data/FASTQs/10929637/D19-5931/HKMG5DMXX,2,12,2,54
11072071,D17-8797,/om/scratch/Mon/mabdel03/Tsai_Data/FASTQs/11072071/D17-8797,1,12,2,55
11157783,D19-5058|D19-5058,/om/scratch/Mon/mabdel03/Tsai_Data/FASTQs/11157783/D19-5058/10x-3914H|/om/scratch/Mon/mabdel03/Tsai_Data/FASTQs/11157783/D19-5058/HL3JJDMXX,2,12,2,56
11159965,D17-8798,/om/scratch/Mon/mabdel03/Tsai_Data/FASTQs/11159965/D17-8798,1,12,2,57
11165535,D19-6013|D19-6013,/om/scratch/Mon/mabdel03/Tsai_Data/FASTQs/11165535/D19-6013/HKNF5DMXX|/om/scratch/Mon/mabdel03/Tsai_Data/FASTQs/11165535/D19-6013/HL2YTDMXX,2,12,2,58
11173549,D19-4137|D19-4137,/om/scratch/Mon/mabdel03/Tsai_Data/FASTQs/11173549/D19-4137/10x-3862H|/om/scratch/Mon/mabdel03/Tsai_Data/FASTQs/11173549/D19-4137/HL32WDMXX,2,12,2,59
11200645,D17-8768,/om/scratch/Mon/mabdel03/Tsai_Data/FASTQs/11200645/D17-8768,1,12,2,60
11240247,D20-7442|D20-7442,/om/scratch/Mon/mabdel03/Tsai_Data/FASTQs/11240247/D20-7442/10x-4826F|/om/scratch/Mon/mabdel03/Tsai_Data/FASTQs/11240247/D20-7442/10x-4819F,2,6,3,61
11259716,D19-4109|D19-4109,/om/scratch/Mon/mabdel03/Tsai_Data/FASTQs/11259716/D19-4109/10x-3855H|/om/scratch/Mon/mabdel03/Tsai_Data/FASTQs/11259716/D19-4109/HKYYMDMXX,2,12,3,62
11302830,D17-8800,/om/scratch/Mon/mabdel03/Tsai_Data/FASTQs/11302830/D17-8800,1,12,3,63
11310718,D17-8782,/om/scratch/Mon/mabdel03/Tsai_Data/FASTQs/11310718/D17-8782,1,12,3,64
11310844,D19-5055|D19-5055,/om/scratch/Mon/mabdel03/Tsai_Data/FASTQs/11310844/D19-5055/10x-3914H|/om/scratch/Mon/mabdel03/Tsai_Data/FASTQs/11310844/D19-5055/HL3JJDMXX,2,12,3,65
11326252,D19-5038|D19-5038,/om/scratch/Mon/mabdel03/Tsai_Data/FASTQs/11326252/D19-5038/HL3JJDMXX|/om/scratch/Mon/mabdel03/Tsai_Data/FASTQs/11326252/D19-5038/10x-3914H,2,12,3,66
11327005,D19-4161|D19-4161,/om/scratch/Mon/mabdel03/Tsai_Data/FASTQs/11327005/D19-4161/HL32WDMXX|/om/scratch/Mon/mabdel03/Tsai_Data/FASTQs/11327005/D19-4161/10x-3862H,2,12,3,67
11331231,D19-5027|D19-5027,/om/scratch/Mon/mabdel03/Tsai_Data/FASTQs/11331231/D19-5027/10x-3914H|/om/scratch/Mon/mabdel03/Tsai_Data/FASTQs/11331231/D19-5027/HL3JJDMXX,2,12,3,68
11336574,D17-8754,/om/scratch/Mon/mabdel03/Tsai_Data/FASTQs/11336574/D17-8754,1,12,3,69
11342432,D17-8771,/om/scratch/Mon/mabdel03/Tsai_Data/FASTQs/11342432/D17-8771,1,12,3,70
11345331,D17-8792,/om/scratch/Mon/mabdel03/Tsai_Data/FASTQs/11345331/D17-8792,1,12,3,71
11349119,D19-4141|D19-4141,/om/scratch/Mon/mabdel03/Tsai_Data/FASTQs/11349119/D19-4141/HL32WDMXX|/om/scratch/Mon/mabdel03/Tsai_Data/FASTQs/11349119/D19-4141/10x-3862H,2,12,3,72
11371707,D19-8335,/om/scratch/Mon/mabdel03/Tsai_Data/FASTQs/11371707/D19-8335,1,6,3,73
11392518,D19-8347,/om/scratch/Mon/mabdel03/Tsai_Data/FASTQs/11392518/D19-8347,1,6,3,74
11395417,D19-4155|D19-4155,/om/scratch/Mon/mabdel03/Tsai_Data/FASTQs/11395417/D19-4155/10x-3862H|/om/scratch/Mon/mabdel03/Tsai_Data/FASTQs/11395417/D19-4155/HL32WDMXX,2,12,3,75
11399321,D17-8799,/om/scratch/Mon/mabdel03/Tsai_Data/FASTQs/11399321/D17-8799,1,12,3,76
11399871,D17-8791,/om/scratch/Mon/mabdel03/Tsai_Data/FASTQs/11399871/D17-8791,1,12,3,77
11409232,D17-8753,/om/scratch/Mon/mabdel03/Tsai_Data/FASTQs/11409232/D17-8753,1,12,3,78
11413170,D19-5030|D19-5030,/om/scratch/Mon/mabdel03/Tsai_Data/FASTQs/11413170/D19-5030/HL3JJDMXX|/om/scratch/Mon/mabdel03/Tsai_Data/FASTQs/11413170/D19-5030/10x-3914H,2,12,3,79
11430815,D19-4156|D19-4156,/om/scratch/Mon/mabdel03/Tsai_Data/FASTQs/11430815/D19-4156/HL32WDMXX|/om/scratch/Mon/mabdel03/Tsai_Data/FASTQs/11430815/D19-4156/10x-3862H,2,12,3,80
11444465,D19-5957|D19-5957,/om/scratch/Mon/mabdel03/Tsai_Data/FASTQs/11444465/D19-5957/HKMG5DMXX|/om/scratch/Mon/mabdel03/Tsai_Data/FASTQs/11444465/D19-5957/HL2FCDMXX,2,12,3,81
11453772,D19-5938|D19-5938,/om/scratch/Mon/mabdel03/Tsai_Data/FASTQs/11453772/D19-5938/HL2FCDMXX|/om/scratch/Mon/mabdel03/Tsai_Data/FASTQs/11453772/D19-5938/HKMG5DMXX,2,12,3,82
11455530,D19-7282|D19-7282,/om/scratch/Mon/mabdel03/Tsai_Data/FASTQs/11455530/D19-7282/HL2CHDMXX|/om/scratch/Mon/mabdel03/Tsai_Data/FASTQs/11455530/D19-7282/HLFG3DMXX,2,12,3,83
11460357,D19-6012|D19-6012,/om/scratch/Mon/mabdel03/Tsai_Data/FASTQs/11460357/D19-6012/HKNF5DMXX|/om/scratch/Mon/mabdel03/Tsai_Data/FASTQs/11460357/D19-6012/HL2YTDMXX,2,12,3,84
11467746,D19-5976|D19-5976,/om/scratch/Mon/mabdel03/Tsai_Data/FASTQs/11467746/D19-5976/HL2LTDMXX|/om/scratch/Mon/mabdel03/Tsai_Data/FASTQs/11467746/D19-5976/HKM22DMXX,2,9,3,85
11469504,D19-4788|D19-4788,/om/scratch/Mon/mabdel03/Tsai_Data/FASTQs/11469504/D19-4788/HL2TKDMXX|/om/scratch/Mon/mabdel03/Tsai_Data/FASTQs/11469504/D19-4788/10x-3877H,2,12,3,86
11471260,D19-4149|D19-4149,/om/scratch/Mon/mabdel03/Tsai_Data/FASTQs/11471260/D19-4149/10x-3862H|/om/scratch/Mon/mabdel03/Tsai_Data/FASTQs/11471260/D19-4149/HL32WDMXX,2,12,3,87
11606935,D19-5031|D19-5031,/om/scratch/Mon/mabdel03/Tsai_Data/FASTQs/11606935/D19-5031/10x-3914H|/om/scratch/Mon/mabdel03/Tsai_Data/FASTQs/11606935/D19-5031/HL3JJDMXX,2,12,3,88
11609672,D17-8788,/om/scratch/Mon/mabdel03/Tsai_Data/FASTQs/11609672/D17-8788,1,12,3,89
11612505,D19-8331,/om/scratch/Mon/mabdel03/Tsai_Data/FASTQs/11612505/D19-8331,1,6,3,90
11615242,D19-5991,/om/scratch/Mon/mabdel03/Tsai_Data/FASTQs/11615242/D19-5991,1,6,4,91
11616707,D19-5041|D19-5041,/om/scratch/Mon/mabdel03/Tsai_Data/FASTQs/11616707/D19-5041/10x-3914H|/om/scratch/Mon/mabdel03/Tsai_Data/FASTQs/11616707/D19-5041/HL3JJDMXX,2,12,4,92
11619606,D19-7330,/om/scratch/Mon/mabdel03/Tsai_Data/FASTQs/11619606/D19-7330,1,6,4,93
11624423,D19-5040|D19-5040,/om/scratch/Mon/mabdel03/Tsai_Data/FASTQs/11624423/D19-5040/HL3JJDMXX|/om/scratch/Mon/mabdel03/Tsai_Data/FASTQs/11624423/D19-5040/10x-3914H,2,12,4,94
11630705,D17-8794|D19-4800|D19-4800,/om/scratch/Mon/mabdel03/Tsai_Data/FASTQs/11630705/D17-8794|/om/scratch/Mon/mabdel03/Tsai_Data/FASTQs/11630705/D19-4800/10x-3877H|/om/scratch/Mon/mabdel03/Tsai_Data/FASTQs/11630705/D19-4800/HL2TKDMXX,3,24,4,95
11632851,D19-4116|D19-4116,/om/scratch/Mon/mabdel03/Tsai_Data/FASTQs/11632851/D19-4116/10x-3855H|/om/scratch/Mon/mabdel03/Tsai_Data/FASTQs/11632851/D19-4116/HKYYMDMXX,2,12,4,96
11652071,D19-5036|D19-5036,/om/scratch/Mon/mabdel03/Tsai_Data/FASTQs/11652071/D19-5036/HL3JJDMXX|/om/scratch/Mon/mabdel03/Tsai_Data/FASTQs/11652071/D19-5036/10x-3914H,2,12,4,97
11681508,D19-2473,/om/scratch/Mon/mabdel03/Tsai_Data/FASTQs/11681508/D19-2473,1,12,4,98
11697592,D19-5054|D19-5054,/om/scratch/Mon/mabdel03/Tsai_Data/FASTQs/11697592/D19-5054/HL3JJDMXX|/om/scratch/Mon/mabdel03/Tsai_Data/FASTQs/11697592/D19-5054/10x-3914H,2,12,4,99
1211411,D19-2488,/om/scratch/Mon/mabdel03/Tsai_Data/FASTQs/1211411/D19-2488,1,12,4,100
12365619,D19-4118|D19-4118,/om/scratch/Mon/mabdel03/Tsai_Data/FASTQs/12365619/D19-4118/10x-3855H|/om/scratch/Mon/mabdel03/Tsai_Data/FASTQs/12365619/D19-4118/HKYYMDMXX,2,12,4,101
14184286,D19-7500|D19-7500,/om/scratch/Mon/mabdel03/Tsai_Data/FASTQs/14184286/D19-7500/HLFG3DMXX|/om/scratch/Mon/mabdel03/Tsai_Data/FASTQs/14184286/D19-7500/HL2CHDMXX,2,12,4,102
14498577,D19-7291|D19-7291,/om/scratch/Mon/mabdel03/Tsai_Data/FASTQs/14498577/D19-7291/HLFG3DMXX|/om/scratch/Mon/mabdel03/Tsai_Data/FASTQs/14498577/D19-7291/HL2CHDMXX,2,12,4,103
15113169,D19-5045|D19-5045,/om/scratch/Mon/mabdel03/Tsai_Data/FASTQs/15113169/D19-5045/HL3JJDMXX|/om/scratch/Mon/mabdel03/Tsai_Data/FASTQs/15113169/D19-5045/10x-3914H,2,12,4,104
15114174,D19-5043|D19-5043,/om/scratch/Mon/mabdel03/Tsai_Data/FASTQs/15114174/D19-5043/10x-3914H|/om/scratch/Mon/mabdel03/Tsai_Data/FASTQs/15114174/D19-5043/HL3JJDMXX,2,12,4,105
15121461,D19-5934|D19-5934,/om/scratch/Mon/mabdel03/Tsai_Data/FASTQs/15121461/D19-5934/HL2FCDMXX|/om/scratch/Mon/mabdel03/Tsai_Data/FASTQs/15121461/D19-5934/HKMG5DMXX,2,12,4,106
15144878,D19-4151|D19-4151,/om/scratch/Mon/mabdel03/Tsai_Data/FASTQs/15144878/D19-4151/10x-3862H|/om/scratch/Mon/mabdel03/Tsai_Data/FASTQs/15144878/D19-4151/HL32WDMXX,2,12,4,107
15161351,D19-4787|D19-4787,/om/scratch/Mon/mabdel03/Tsai_Data/FASTQs/15161351/D19-4787/HL2TKDMXX|/om/scratch/Mon/mabdel03/Tsai_Data/FASTQs/15161351/D19-4787/10x-3877H,2,12,4,108
15176592,D19-4154|D19-4154,/om/scratch/Mon/mabdel03/Tsai_Data/FASTQs/15176592/D19-4154/HL32WDMXX|/om/scratch/Mon/mabdel03/Tsai_Data/FASTQs/15176592/D19-4154/10x-3862H,2,12,4,109
15218541,D19-2465,/om/scratch/Mon/mabdel03/Tsai_Data/FASTQs/15218541/D19-2465,1,12,4,110
15413198,D19-2474,/om/scratch/Mon/mabdel03/Tsai_Data/FASTQs/15413198/D19-2474,1,12,4,111
15420223,D19-5933|D19-5933,/om/scratch/Mon/mabdel03/Tsai_Data/FASTQs/15420223/D19-5933/HL2FCDMXX|/om/scratch/Mon/mabdel03/Tsai_Data/FASTQs/15420223/D19-5933/HKMG5DMXX,2,12,4,112
15483818,D19-4112|D19-4112,/om/scratch/Mon/mabdel03/Tsai_Data/FASTQs/15483818/D19-4112/10x-3855H|/om/scratch/Mon/mabdel03/Tsai_Data/FASTQs/15483818/D19-4112/HKYYMDMXX,2,12,4,113
15495024,D19-6000|D19-6000,/om/scratch/Mon/mabdel03/Tsai_Data/FASTQs/15495024/D19-6000/HKNF5DMXX|/om/scratch/Mon/mabdel03/Tsai_Data/FASTQs/15495024/D19-6000/HL2YTDMXX,2,12,4,114
15738428,D19-4150|D19-4150,/om/scratch/Mon/mabdel03/Tsai_Data/FASTQs/15738428/D19-4150/10x-3862H|/om/scratch/Mon/mabdel03/Tsai_Data/FASTQs/15738428/D19-4150/HL32WDMXX,2,12,4,115
15844425,D19-4113|D19-4113,/om/scratch/Mon/mabdel03/Tsai_Data/FASTQs/15844425/D19-4113/10x-3855H|/om/scratch/Mon/mabdel03/Tsai_Data/FASTQs/15844425/D19-4113/HKYYMDMXX,2,12,4,116
16068769,D19-4127|D19-4127,/om/scratch/Mon/mabdel03/Tsai_Data/FASTQs/16068769/D19-4127/HKYYMDMXX|/om/scratch/Mon/mabdel03/Tsai_Data/FASTQs/16068769/D19-4127/10x-3855H,2,12,4,117
17929065,D19-4772|D19-4772,/om/scratch/Mon/mabdel03/Tsai_Data/FASTQs/17929065/D19-4772/10x-3877H|/om/scratch/Mon/mabdel03/Tsai_Data/FASTQs/17929065/D19-4772/HL2TKDMXX,2,12,4,118
18414513,D19-7290|D19-7290,/om/scratch/Mon/mabdel03/Tsai_Data/FASTQs/18414513/D19-7290/HL2CHDMXX|/om/scratch/Mon/mabdel03/Tsai_Data/FASTQs/18414513/D19-7290/HLFG3DMXX,2,12,4,119
18659212,D19-10914_15,/om/scratch/Mon/mabdel03/Tsai_Data/FASTQs/18659212/D19-10914_15,1,6,4,120
18920002,D19-8350,/om/scratch/Mon/mabdel03/Tsai_Data/FASTQs/18920002/D19-8350,1,6,5,121
20104101,D17-8769,/om/scratch/Mon/mabdel03/Tsai_Data/FASTQs/20104101/D17-8769,1,12,5,122
20109020,D19-1423,/om/scratch/Mon/mabdel03/Tsai_Data/FASTQs/20109020/D19-1423,1,12,5,123
20112377,D17-8758,/om/scratch/Mon/mabdel03/Tsai_Data/FASTQs/20112377/D17-8758,1,12,5,124
20124321,D19-5037|D19-5037,/om/scratch/Mon/mabdel03/Tsai_Data/FASTQs/20124321/D19-5037/10x-3914H|/om/scratch/Mon/mabdel03/Tsai_Data/FASTQs/20124321/D19-5037/HL3JJDMXX,2,12,5,125
20128523,D19-1424,/om/scratch/Mon/mabdel03/Tsai_Data/FASTQs/20128523/D19-1424,1,12,5,126
20139562,D19-7329,/om/scratch/Mon/mabdel03/Tsai_Data/FASTQs/20139562/D19-7329,1,6,5,127
20139850,D19-4103|D19-4103,/om/scratch/Mon/mabdel03/Tsai_Data/FASTQs/20139850/D19-4103/HKYYMDMXX|/om/scratch/Mon/mabdel03/Tsai_Data/FASTQs/20139850/D19-4103/10x-3855H,2,12,5,128
20143248,D19-6007|D19-6007,/om/scratch/Mon/mabdel03/Tsai_Data/FASTQs/20143248/D19-6007/HKNF5DMXX|/om/scratch/Mon/mabdel03/Tsai_Data/FASTQs/20143248/D19-6007/HL2YTDMXX,2,12,5,129
20147440,D19-4147|D19-4147,/om/scratch/Mon/mabdel03/Tsai_Data/FASTQs/20147440/D19-4147/10x-3862H|/om/scratch/Mon/mabdel03/Tsai_Data/FASTQs/20147440/D19-4147/HL32WDMXX,2,12,5,130
20149910,D17-8783,/om/scratch/Mon/mabdel03/Tsai_Data/FASTQs/20149910/D17-8783,1,12,5,131
20151388,D19-2458|D19-4144|D19-4144,/om/scratch/Mon/mabdel03/Tsai_Data/FASTQs/20151388/D19-2458|/om/scratch/Mon/mabdel03/Tsai_Data/FASTQs/20151388/D19-4144/HL32WDMXX|/om/scratch/Mon/mabdel03/Tsai_Data/FASTQs/20151388/D19-4144/10x-3862H,3,24,5,132
20153010,D19-1421,/om/scratch/Mon/mabdel03/Tsai_Data/FASTQs/20153010/D19-1421,1,12,5,133
20156469,D19-5035|D19-5035,/om/scratch/Mon/mabdel03/Tsai_Data/FASTQs/20156469/D19-5035/HL3JJDMXX|/om/scratch/Mon/mabdel03/Tsai_Data/FASTQs/20156469/D19-5035/10x-3914H,2,12,5,134
20170043,D17-8762,/om/scratch/Mon/mabdel03/Tsai_Data/FASTQs/20170043/D17-8762,1,12,5,135
20173942,D17-8796,/om/scratch/Mon/mabdel03/Tsai_Data/FASTQs/20173942/D17-8796,1,12,5,136
20179164,D17-8775,/om/scratch/Mon/mabdel03/Tsai_Data/FASTQs/20179164/D17-8775,1,12,5,137
20185860,D19-10752|D19-10752,/om/scratch/Mon/mabdel03/Tsai_Data/FASTQs/20185860/D19-10752/10x-4182G|/om/scratch/Mon/mabdel03/Tsai_Data/FASTQs/20185860/D19-10752/10x-4218G,2,24,5,138
20195344,D19-5989,/om/scratch/Mon/mabdel03/Tsai_Data/FASTQs/20195344/D19-5989,1,6,5,139
20201189,D19-4148|D19-4148,/om/scratch/Mon/mabdel03/Tsai_Data/FASTQs/20201189/D19-4148/HL32WDMXX|/om/scratch/Mon/mabdel03/Tsai_Data/FASTQs/20201189/D19-4148/10x-3862H,2,12,5,140
20201891,D20-7438|D20-7438,/om/scratch/Mon/mabdel03/Tsai_Data/FASTQs/20201891/D20-7438/10x-4826F|/om/scratch/Mon/mabdel03/Tsai_Data/FASTQs/20201891/D20-7438/10x-4819F,2,6,5,141
20201927,D19-4776|D19-4776,/om/scratch/Mon/mabdel03/Tsai_Data/FASTQs/20201927/D19-4776/10x-3877H|/om/scratch/Mon/mabdel03/Tsai_Data/FASTQs/20201927/D19-4776/HL2TKDMXX,2,12,5,142
20205705,D19-7307|D19-7307,/om/scratch/Mon/mabdel03/Tsai_Data/FASTQs/20205705/D19-7307/HL2CHDMXX|/om/scratch/Mon/mabdel03/Tsai_Data/FASTQs/20205705/D19-7307/HLFG3DMXX,2,12,5,143
20207013,D17-8757,/om/scratch/Mon/mabdel03/Tsai_Data/FASTQs/20207013/D17-8757,1,12,5,144
20208992,D19-1432,/om/scratch/Mon/mabdel03/Tsai_Data/FASTQs/20208992/D19-1432,1,12,5,145
20223617,D19-8342,/om/scratch/Mon/mabdel03/Tsai_Data/FASTQs/20223617/D19-8342,1,6,5,146
20225925,D19-4153|D19-4153,/om/scratch/Mon/mabdel03/Tsai_Data/FASTQs/20225925/D19-4153/HL32WDMXX|/om/scratch/Mon/mabdel03/Tsai_Data/FASTQs/20225925/D19-4153/10x-3862H,2,12,5,147
20244554,D19-10914_1,/om/scratch/Mon/mabdel03/Tsai_Data/FASTQs/20244554/D19-10914_1,1,6,5,148
20248206,D19-1419,/om/scratch/Mon/mabdel03/Tsai_Data/FASTQs/20248206/D19-1419,1,12,5,149
20249897,D17-8789,/om/scratch/Mon/mabdel03/Tsai_Data/FASTQs/20249897/D17-8789,1,12,5,150
20254588,D19-8337,/om/scratch/Mon/mabdel03/Tsai_Data/FASTQs/20254588/D19-8337,1,6,6,151
20254740,D17-8779,/om/scratch/Mon/mabdel03/Tsai_Data/FASTQs/20254740/D17-8779,1,12,6,152
20254876,D19-6023|D19-6023,/om/scratch/Mon/mabdel03/Tsai_Data/FASTQs/20254876/D19-6023/HL2YTDMXX|/om/scratch/Mon/mabdel03/Tsai_Data/FASTQs/20254876/D19-6023/HKNF5DMXX,2,12,6,153
20254902,D19-4777|D19-4777,/om/scratch/Mon/mabdel03/Tsai_Data/FASTQs/20254902/D19-4777/HL2TKDMXX|/om/scratch/Mon/mabdel03/Tsai_Data/FASTQs/20254902/D19-4777/10x-3877H,2,12,6,154
20261901,D17-8770,/om/scratch/Mon/mabdel03/Tsai_Data/FASTQs/20261901/D17-8770,1,12,6,155
20263921,D19-7337,/om/scratch/Mon/mabdel03/Tsai_Data/FASTQs/20263921/D19-7337,1,6,6,156
20275399,D17-8785,/om/scratch/Mon/mabdel03/Tsai_Data/FASTQs/20275399/D17-8785,1,12,6,157
20282398,D17-8786,/om/scratch/Mon/mabdel03/Tsai_Data/FASTQs/20282398/D17-8786,1,12,6,158
20282974,D19-1434,/om/scratch/Mon/mabdel03/Tsai_Data/FASTQs/20282974/D19-1434,1,12,6,159
20288196,D19-4138|D19-4138,/om/scratch/Mon/mabdel03/Tsai_Data/FASTQs/20288196/D19-4138/10x-3862H|/om/scratch/Mon/mabdel03/Tsai_Data/FASTQs/20288196/D19-4138/HL32WDMXX,2,12,6,160
20297403,D19-1435,/om/scratch/Mon/mabdel03/Tsai_Data/FASTQs/20297403/D19-1435,1,12,6,161
20311676,D19-5990,/om/scratch/Mon/mabdel03/Tsai_Data/FASTQs/20311676/D19-5990,1,6,6,162
20339740,D19-1427,/om/scratch/Mon/mabdel03/Tsai_Data/FASTQs/20339740/D19-1427,1,12,6,163
20344143,D19-6014|D19-6014,/om/scratch/Mon/mabdel03/Tsai_Data/FASTQs/20344143/D19-6014/HL2YTDMXX|/om/scratch/Mon/mabdel03/Tsai_Data/FASTQs/20344143/D19-6014/HKNF5DMXX,2,12,6,164
20366419,D20-7444|D20-7444,/om/scratch/Mon/mabdel03/Tsai_Data/FASTQs/20366419/D20-7444/10x-4819F|/om/scratch/Mon/mabdel03/Tsai_Data/FASTQs/20366419/D20-7444/10x-4826F,2,6,6,165
20376029,D19-5975|D19-5975,/om/scratch/Mon/mabdel03/Tsai_Data/FASTQs/20376029/D19-5975/HL2LTDMXX|/om/scratch/Mon/mabdel03/Tsai_Data/FASTQs/20376029/D19-5975/HKM22DMXX,2,12,6,166
20380417,D19-7494|D19-7494,/om/scratch/Mon/mabdel03/Tsai_Data/FASTQs/20380417/D19-7494/HL2CHDMXX|/om/scratch/Mon/mabdel03/Tsai_Data/FASTQs/20380417/D19-7494/HLFG3DMXX,2,12,6,167
20399274,D19-2485,/om/scratch/Mon/mabdel03/Tsai_Data/FASTQs/20399274/D19-2485,1,12,6,168
20416210,D19-5995|D19-5995,/om/scratch/Mon/mabdel03/Tsai_Data/FASTQs/20416210/D19-5995/HL2YTDMXX|/om/scratch/Mon/mabdel03/Tsai_Data/FASTQs/20416210/D19-5995/HKNF5DMXX,2,12,6,169
20455807,D19-8329,/om/scratch/Mon/mabdel03/Tsai_Data/FASTQs/20455807/D19-8329,1,6,6,170
20487369,D19-2461,/om/scratch/Mon/mabdel03/Tsai_Data/FASTQs/20487369/D19-2461,1,12,6,171
20500815,D19-10914_6,/om/scratch/Mon/mabdel03/Tsai_Data/FASTQs/20500815/D19-10914_6,1,6,6,172
20504017,D19-8323,/om/scratch/Mon/mabdel03/Tsai_Data/FASTQs/20504017/D19-8323,1,6,6,173
20521752,D19-5940|D19-5940,/om/scratch/Mon/mabdel03/Tsai_Data/FASTQs/20521752/D19-5940/HL2FCDMXX|/om/scratch/Mon/mabdel03/Tsai_Data/FASTQs/20521752/D19-5940/HKMG5DMXX,2,12,6,174
20532115,D19-4779|D19-4779,/om/scratch/Mon/mabdel03/Tsai_Data/FASTQs/20532115/D19-4779/HL2TKDMXX|/om/scratch/Mon/mabdel03/Tsai_Data/FASTQs/20532115/D19-4779/10x-3877H,2,12,6,175
20535564,D19-1430,/om/scratch/Mon/mabdel03/Tsai_Data/FASTQs/20535564/D19-1430,1,12,6,176
20561642,D19-7289|D19-7289,/om/scratch/Mon/mabdel03/Tsai_Data/FASTQs/20561642/D19-7289/HL2CHDMXX|/om/scratch/Mon/mabdel03/Tsai_Data/FASTQs/20561642/D19-7289/HLFG3DMXX,2,12,6,177
20569910,D19-4769|D19-4769,/om/scratch/Mon/mabdel03/Tsai_Data/FASTQs/20569910/D19-4769/10x-3877H|/om/scratch/Mon/mabdel03/Tsai_Data/FASTQs/20569910/D19-4769/HL2TKDMXX,2,12,6,178
20583594,D19-7313,/om/scratch/Mon/mabdel03/Tsai_Data/FASTQs/20583594/D19-7313,1,6,6,179
20584923,D19-2484,/om/scratch/Mon/mabdel03/Tsai_Data/FASTQs/20584923/D19-2484,1,12,6,180
20594407,D19-7332,/om/scratch/Mon/mabdel03/Tsai_Data/FASTQs/20594407/D19-7332,1,6,7,181
20611993,D19-5949|D19-5949,/om/scratch/Mon/mabdel03/Tsai_Data/FASTQs/20611993/D19-5949/HKMG5DMXX|/om/scratch/Mon/mabdel03/Tsai_Data/FASTQs/20611993/D19-5949/HL2FCDMXX,2,12,7,182
20630946,D19-5965|D19-5965,/om/scratch/Mon/mabdel03/Tsai_Data/FASTQs/20630946/D19-5965/HKM22DMXX|/om/scratch/Mon/mabdel03/Tsai_Data/FASTQs/20630946/D19-5965/HL2LTDMXX,2,12,7,183
20634274,D19-1433,/om/scratch/Mon/mabdel03/Tsai_Data/FASTQs/20634274/D19-1433,1,12,7,184
20646778,D19-2446,/om/scratch/Mon/mabdel03/Tsai_Data/FASTQs/20646778/D19-2446,1,12,7,185
20674902,D19-7316,/om/scratch/Mon/mabdel03/Tsai_Data/FASTQs/20674902/D19-7316,1,6,7,186
20682204,D19-4796|D19-4796,/om/scratch/Mon/mabdel03/Tsai_Data/FASTQs/20682204/D19-4796/HL2TKDMXX|/om/scratch/Mon/mabdel03/Tsai_Data/FASTQs/20682204/D19-4796/10x-3877H,2,12,7,187
20726273,D19-6002|D19-6002,/om/scratch/Mon/mabdel03/Tsai_Data/FASTQs/20726273/D19-6002/HL2YTDMXX|/om/scratch/Mon/mabdel03/Tsai_Data/FASTQs/20726273/D19-6002/HKNF5DMXX,2,12,7,188
20730959,D19-10914_5,/om/scratch/Mon/mabdel03/Tsai_Data/FASTQs/20730959/D19-10914_5,1,6,7,189
20767628,D19-5969|D19-5969,/om/scratch/Mon/mabdel03/Tsai_Data/FASTQs/20767628/D19-5969/HKM22DMXX|/om/scratch/Mon/mabdel03/Tsai_Data/FASTQs/20767628/D19-5969/HL2LTDMXX,2,12,7,190
20774339,D19-4782|D19-4782,/om/scratch/Mon/mabdel03/Tsai_Data/FASTQs/20774339/D19-4782/10x-3877H|/om/scratch/Mon/mabdel03/Tsai_Data/FASTQs/20774339/D19-4782/HL2TKDMXX,2,12,7,191
20779834,D19-8326,/om/scratch/Mon/mabdel03/Tsai_Data/FASTQs/20779834/D19-8326,1,6,7,192
20780035,D19-6017|D19-6017,/om/scratch/Mon/mabdel03/Tsai_Data/FASTQs/20780035/D19-6017/HKNF5DMXX|/om/scratch/Mon/mabdel03/Tsai_Data/FASTQs/20780035/D19-6017/HL2YTDMXX,2,12,7,193
20798913,D19-5052|D19-5052,/om/scratch/Mon/mabdel03/Tsai_Data/FASTQs/20798913/D19-5052/10x-3914H|/om/scratch/Mon/mabdel03/Tsai_Data/FASTQs/20798913/D19-5052/HL3JJDMXX,2,12,7,194
20821943,D19-7498|D19-7498,/om/scratch/Mon/mabdel03/Tsai_Data/FASTQs/20821943/D19-7498/HL2CHDMXX|/om/scratch/Mon/mabdel03/Tsai_Data/FASTQs/20821943/D19-7498/HLFG3DMXX,2,12,7,195
20834164,D19-7323,/om/scratch/Mon/mabdel03/Tsai_Data/FASTQs/20834164/D19-7323,1,6,7,196
20875195,D19-4108|D19-4108|D20-7436|D20-7436,/om/scratch/Mon/mabdel03/Tsai_Data/FASTQs/20875195/D19-4108/10x-3855H|/om/scratch/Mon/mabdel03/Tsai_Data/FASTQs/20875195/D19-4108/HKYYMDMXX|/om/scratch/Mon/mabdel03/Tsai_Data/FASTQs/20875195/D20-7436/10x-4819F|/om/scratch/Mon/mabdel03/Tsai_Data/FASTQs/20875195/D20-7436/10x-4826F,4,18,7,197
20892128,D19-8351,/om/scratch/Mon/mabdel03/Tsai_Data/FASTQs/20892128/D19-8351,1,6,7,198
20902039,D19-1426,/om/scratch/Mon/mabdel03/Tsai_Data/FASTQs/20902039/D19-1426,1,12,7,199
20904509,D19-4152|D19-4152,/om/scratch/Mon/mabdel03/Tsai_Data/FASTQs/20904509/D19-4152/10x-3862H|/om/scratch/Mon/mabdel03/Tsai_Data/FASTQs/20904509/D19-4152/HL32WDMXX,2,12,7,200
20906079,D19-2470,/om/scratch/Mon/mabdel03/Tsai_Data/FASTQs/20906079/D19-2470,1,12,7,201
20907534,D19-8345,/om/scratch/Mon/mabdel03/Tsai_Data/FASTQs/20907534/D19-8345,1,6,7,202
20929774,D19-4139|D19-4139,/om/scratch/Mon/mabdel03/Tsai_Data/FASTQs/20929774/D19-4139/10x-3862H|/om/scratch/Mon/mabdel03/Tsai_Data/FASTQs/20929774/D19-4139/HL32WDMXX,2,12,7,203
20935218,D19-1422,/om/scratch/Mon/mabdel03/Tsai_Data/FASTQs/20935218/D19-1422,1,12,7,204
20939708,D19-7306|D19-7306,/om/scratch/Mon/mabdel03/Tsai_Data/FASTQs/20939708/D19-7306/HL2CHDMXX|/om/scratch/Mon/mabdel03/Tsai_Data/FASTQs/20939708/D19-7306/HLFG3DMXX,2,12,7,205
20939834,D19-10751|D19-10751|D19-1525,/om/scratch/Mon/mabdel03/Tsai_Data/FASTQs/20939834/D19-10751/10x-4182G|/om/scratch/Mon/mabdel03/Tsai_Data/FASTQs/20939834/D19-10751/10x-4218G|/om/scratch/Mon/mabdel03/Tsai_Data/FASTQs/20939834/D19-1525,3,36,7,206
20942767,D19-5935|D19-5935,/om/scratch/Mon/mabdel03/Tsai_Data/FASTQs/20942767/D19-5935/HKMG5DMXX|/om/scratch/Mon/mabdel03/Tsai_Data/FASTQs/20942767/D19-5935/HL2FCDMXX,2,12,7,207
20947550,D19-4125|D19-4125,/om/scratch/Mon/mabdel03/Tsai_Data/FASTQs/20947550/D19-4125/10x-3855H|/om/scratch/Mon/mabdel03/Tsai_Data/FASTQs/20947550/D19-4125/HKYYMDMXX,2,12,7,208
20956605,D19-5051|D19-5051,/om/scratch/Mon/mabdel03/Tsai_Data/FASTQs/20956605/D19-5051/HL3JJDMXX|/om/scratch/Mon/mabdel03/Tsai_Data/FASTQs/20956605/D19-5051/10x-3914H,2,12,7,209
20956867,D17-8763,/om/scratch/Mon/mabdel03/Tsai_Data/FASTQs/20956867/D17-8763,1,12,7,210
20963578,D19-4136|D19-4136|D19-5029|D19-5029,/om/scratch/Mon/mabdel03/Tsai_Data/FASTQs/20963578/D19-4136/HL32WDMXX|/om/scratch/Mon/mabdel03/Tsai_Data/FASTQs/20963578/D19-4136/10x-3862H|/om/scratch/Mon/mabdel03/Tsai_Data/FASTQs/20963578/D19-5029/10x-3914H|/om/scratch/Mon/mabdel03/Tsai_Data/FASTQs/20963578/D19-5029/HL3JJDMXX,4,24,8,211
20963866,D17-8780,/om/scratch/Mon/mabdel03/Tsai_Data/FASTQs/20963866/D17-8780,1,12,8,212
20970441,D19-5937|D19-5937,/om/scratch/Mon/mabdel03/Tsai_Data/FASTQs/20970441/D19-5937/HKMG5DMXX|/om/scratch/Mon/mabdel03/Tsai_Data/FASTQs/20970441/D19-5937/HL2FCDMXX,2,12,8,213
20974481,D19-5950|D19-5950,/om/scratch/Mon/mabdel03/Tsai_Data/FASTQs/20974481/D19-5950/HKMG5DMXX|/om/scratch/Mon/mabdel03/Tsai_Data/FASTQs/20974481/D19-5950/HL2FCDMXX,2,12,8,214
20976799,D19-4132|D19-4132,/om/scratch/Mon/mabdel03/Tsai_Data/FASTQs/20976799/D19-4132/10x-3855H|/om/scratch/Mon/mabdel03/Tsai_Data/FASTQs/20976799/D19-4132/HKYYMDMXX,2,12,8,215
20977678,D17-8777,/om/scratch/Mon/mabdel03/Tsai_Data/FASTQs/20977678/D17-8777,1,12,8,216
20978133,D17-8790,/om/scratch/Mon/mabdel03/Tsai_Data/FASTQs/20978133/D17-8790,1,12,8,217
20993308,D19-2463,/om/scratch/Mon/mabdel03/Tsai_Data/FASTQs/20993308/D19-2463,1,12,8,218
20996621,D19-5033|D19-5033,/om/scratch/Mon/mabdel03/Tsai_Data/FASTQs/20996621/D19-5033/HL3JJDMXX|/om/scratch/Mon/mabdel03/Tsai_Data/FASTQs/20996621/D19-5033/10x-3914H,2,12,8,219
20998065,D19-4143|D19-4143,/om/scratch/Mon/mabdel03/Tsai_Data/FASTQs/20998065/D19-4143/HL32WDMXX|/om/scratch/Mon/mabdel03/Tsai_Data/FASTQs/20998065/D19-4143/10x-3862H,2,12,8,220
21000054,D22-2712,/om/scratch/Mon/mabdel03/Tsai_Data/FASTQs/21000054/D22-2712,1,8,8,221
21000630,D20-7437|D20-7437,/om/scratch/Mon/mabdel03/Tsai_Data/FASTQs/21000630/D20-7437/10x-4826F|/om/scratch/Mon/mabdel03/Tsai_Data/FASTQs/21000630/D20-7437/10x-4819F,2,6,8,222
21001519,D19-7321,/om/scratch/Mon/mabdel03/Tsai_Data/FASTQs/21001519/D19-7321,1,6,8,223
21001771,D19-2451,/om/scratch/Mon/mabdel03/Tsai_Data/FASTQs/21001771/D19-2451,1,12,8,224
21001933,D19-5958|D19-5958,/om/scratch/Mon/mabdel03/Tsai_Data/FASTQs/21001933/D19-5958/HL2FCDMXX|/om/scratch/Mon/mabdel03/Tsai_Data/FASTQs/21001933/D19-5958/HKMG5DMXX,2,12,8,225
21002524,D19-6005|D19-6005,/om/scratch/Mon/mabdel03/Tsai_Data/FASTQs/21002524/D19-6005/HKNF5DMXX|/om/scratch/Mon/mabdel03/Tsai_Data/FASTQs/21002524/D19-6005/HL2YTDMXX,2,12,8,226
21101658,D19-4164|D19-4164,/om/scratch/Mon/mabdel03/Tsai_Data/FASTQs/21101658/D19-4164/10x-3862H|/om/scratch/Mon/mabdel03/Tsai_Data/FASTQs/21101658/D19-4164/HL32WDMXX,2,12,8,227
21112011,D19-5936|D19-5936,/om/scratch/Mon/mabdel03/Tsai_Data/FASTQs/21112011/D19-5936/HKMG5DMXX|/om/scratch/Mon/mabdel03/Tsai_Data/FASTQs/21112011/D19-5936/HL2FCDMXX,2,12,8,228
21126823,D17-8795,/om/scratch/Mon/mabdel03/Tsai_Data/FASTQs/21126823/D17-8795,1,12,8,229
21135554,D17-8784,/om/scratch/Mon/mabdel03/Tsai_Data/FASTQs/21135554/D17-8784,1,12,8,230
21138877,D20-7445|D20-7445,/om/scratch/Mon/mabdel03/Tsai_Data/FASTQs/21138877/D20-7445/10x-4819F|/om/scratch/Mon/mabdel03/Tsai_Data/FASTQs/21138877/D20-7445/10x-4826F,2,6,8,231
21142003,D17-8773,/om/scratch/Mon/mabdel03/Tsai_Data/FASTQs/21142003/D17-8773,1,12,8,232
21151608,D19-1420,/om/scratch/Mon/mabdel03/Tsai_Data/FASTQs/21151608/D19-1420,1,12,8,233
21156815,D19-5943|D19-5943,/om/scratch/Mon/mabdel03/Tsai_Data/FASTQs/21156815/D19-5943/HL2FCDMXX|/om/scratch/Mon/mabdel03/Tsai_Data/FASTQs/21156815/D19-5943/HKMG5DMXX,2,12,8,234
21157370,D19-6021|D19-6021,/om/scratch/Mon/mabdel03/Tsai_Data/FASTQs/21157370/D19-6021/HL2YTDMXX|/om/scratch/Mon/mabdel03/Tsai_Data/FASTQs/21157370/D19-6021/HKNF5DMXX,2,12,8,235
21159840,D17-8776,/om/scratch/Mon/mabdel03/Tsai_Data/FASTQs/21159840/D17-8776,1,12,8,236
21171080,D19-2486,/om/scratch/Mon/mabdel03/Tsai_Data/FASTQs/21171080/D19-2486,1,12,8,237
21172121,D17-8764,/om/scratch/Mon/mabdel03/Tsai_Data/FASTQs/21172121/D17-8764,1,12,8,238
21180847,D19-1428,/om/scratch/Mon/mabdel03/Tsai_Data/FASTQs/21180847/D19-1428,1,12,8,239
21181988,D19-10755|D19-10755,/om/scratch/Mon/mabdel03/Tsai_Data/FASTQs/21181988/D19-10755/10x-4218G|/om/scratch/Mon/mabdel03/Tsai_Data/FASTQs/21181988/D19-10755/10x-4182G,2,24,8,240
21189544,D17-8778,/om/scratch/Mon/mabdel03/Tsai_Data/FASTQs/21189544/D17-8778,1,12,9,241
21191200,D19-10914_2,/om/scratch/Mon/mabdel03/Tsai_Data/FASTQs/21191200/D19-10914_2,1,6,9,242
21193068,D19-5964|D19-5964,/om/scratch/Mon/mabdel03/Tsai_Data/FASTQs/21193068/D19-5964/HL2LTDMXX|/om/scratch/Mon/mabdel03/Tsai_Data/FASTQs/21193068/D19-5964/HKM22DMXX,2,12,9,243
21272396,D19-2441,/om/scratch/Mon/mabdel03/Tsai_Data/FASTQs/21272396/D19-2441,1,12,9,244
21362537,D19-7327,/om/scratch/Mon/mabdel03/Tsai_Data/FASTQs/21362537/D19-7327,1,6,9,245
21401399,D19-4105|D19-4105,/om/scratch/Mon/mabdel03/Tsai_Data/FASTQs/21401399/D19-4105/10x-3855H|/om/scratch/Mon/mabdel03/Tsai_Data/FASTQs/21401399/D19-4105/HKYYMDMXX,2,12,9,246
21402016,D19-10914_7,/om/scratch/Mon/mabdel03/Tsai_Data/FASTQs/21402016/D19-10914_7,1,6,9,247
21405627,D20-7451|D20-7451,/om/scratch/Mon/mabdel03/Tsai_Data/FASTQs/21405627/D20-7451/10x-4826F|/om/scratch/Mon/mabdel03/Tsai_Data/FASTQs/21405627/D20-7451/10x-4819F,2,6,9,248
21406768,D19-1431,/om/scratch/Mon/mabdel03/Tsai_Data/FASTQs/21406768/D19-1431,1,12,9,249
21406920,D19-7334,/om/scratch/Mon/mabdel03/Tsai_Data/FASTQs/21406920/D19-7334,1,6,9,250
21408652,D19-1429,/om/scratch/Mon/mabdel03/Tsai_Data/FASTQs/21408652/D19-1429,1,12,9,251
21411323,D19-4771|D19-4771,/om/scratch/Mon/mabdel03/Tsai_Data/FASTQs/21411323/D19-4771/HL2TKDMXX|/om/scratch/Mon/mabdel03/Tsai_Data/FASTQs/21411323/D19-4771/10x-3877H,2,12,9,252
21412626,D17-8761,/om/scratch/Mon/mabdel03/Tsai_Data/FASTQs/21412626/D17-8761,1,12,9,253
22396591,D22-2708,/om/scratch/Mon/mabdel03/Tsai_Data/FASTQs/22396591/D22-2708,1,8,9,254
22776575,D19-6015|D19-6015,/om/scratch/Mon/mabdel03/Tsai_Data/FASTQs/22776575/D19-6015/HKNF5DMXX|/om/scratch/Mon/mabdel03/Tsai_Data/FASTQs/22776575/D19-6015/HL2YTDMXX,2,12,9,255
22789958,D19-10914_11,/om/scratch/Mon/mabdel03/Tsai_Data/FASTQs/22789958/D19-10914_11,1,6,9,256
22868024,D19-5980,/om/scratch/Mon/mabdel03/Tsai_Data/FASTQs/22868024/D19-5980,1,6,9,257
23004922,D19-7335,/om/scratch/Mon/mabdel03/Tsai_Data/FASTQs/23004922/D19-7335,1,6,9,258
23690880,D19-4157|D19-4157,/om/scratch/Mon/mabdel03/Tsai_Data/FASTQs/23690880/D19-4157/10x-3862H|/om/scratch/Mon/mabdel03/Tsai_Data/FASTQs/23690880/D19-4157/HL32WDMXX,2,12,9,259
24039289,D19-6006|D19-6006,/om/scratch/Mon/mabdel03/Tsai_Data/FASTQs/24039289/D19-6006/HL2YTDMXX|/om/scratch/Mon/mabdel03/Tsai_Data/FASTQs/24039289/D19-6006/HKNF5DMXX,2,12,9,260
24680888,D19-10914_10,/om/scratch/Mon/mabdel03/Tsai_Data/FASTQs/24680888/D19-10914_10,1,6,9,261
24747976,D19-8340,/om/scratch/Mon/mabdel03/Tsai_Data/FASTQs/24747976/D19-8340,1,6,9,262
2518573,D22-2717,/om/scratch/Mon/mabdel03/Tsai_Data/FASTQs/2518573/D22-2717,1,8,9,263
25300551,D20-7457|D20-7457,/om/scratch/Mon/mabdel03/Tsai_Data/FASTQs/25300551/D20-7457/10x-4819F|/om/scratch/Mon/mabdel03/Tsai_Data/FASTQs/25300551/D20-7457/10x-4826F,2,6,9,264
26569730,D20-7448|D20-7448,/om/scratch/Mon/mabdel03/Tsai_Data/FASTQs/26569730/D20-7448/10x-4819F|/om/scratch/Mon/mabdel03/Tsai_Data/FASTQs/26569730/D20-7448/10x-4826F,2,6,9,265
26631069,D19-4799|D19-4799,/om/scratch/Mon/mabdel03/Tsai_Data/FASTQs/26631069/D19-4799/HL2TKDMXX|/om/scratch/Mon/mabdel03/Tsai_Data/FASTQs/26631069/D19-4799/10x-3877H,2,12,9,266
27586957,D22-2706,/om/scratch/Mon/mabdel03/Tsai_Data/FASTQs/27586957/D22-2706,1,8,9,267
2899847,D19-2467,/om/scratch/Mon/mabdel03/Tsai_Data/FASTQs/2899847/D19-2467,1,12,9,268
29933130,D19-2469,/om/scratch/Mon/mabdel03/Tsai_Data/FASTQs/29933130/D19-2469,1,12,9,269
31509843,D19-4120|D19-4120,/om/scratch/Mon/mabdel03/Tsai_Data/FASTQs/31509843/D19-4120/10x-3855H|/om/scratch/Mon/mabdel03/Tsai_Data/FASTQs/31509843/D19-4120/HKYYMDMXX,2,12,9,270
31726180,D19-8354,/om/scratch/Mon/mabdel03/Tsai_Data/FASTQs/31726180/D19-8354,1,6,10,271
31908032,D19-7309|D19-7309,/om/scratch/Mon/mabdel03/Tsai_Data/FASTQs/31908032/D19-7309/HLFG3DMXX|/om/scratch/Mon/mabdel03/Tsai_Data/FASTQs/31908032/D19-7309/HL2CHDMXX,2,12,10,272
32383679,D19-8332,/om/scratch/Mon/mabdel03/Tsai_Data/FASTQs/32383679/D19-8332,1,6,10,273
32705437,D19-4786|D19-4786,/om/scratch/Mon/mabdel03/Tsai_Data/FASTQs/32705437/D19-4786/10x-3877H|/om/scratch/Mon/mabdel03/Tsai_Data/FASTQs/32705437/D19-4786/HL2TKDMXX,2,12,10,274
3283241,D20-7456|D20-7456,/om/scratch/Mon/mabdel03/Tsai_Data/FASTQs/3283241/D20-7456/10x-4819F|/om/scratch/Mon/mabdel03/Tsai_Data/FASTQs/3283241/D20-7456/10x-4826F,2,6,10,275
33411712,D19-5047|D19-5047,/om/scratch/Mon/mabdel03/Tsai_Data/FASTQs/33411712/D19-5047/10x-3914H|/om/scratch/Mon/mabdel03/Tsai_Data/FASTQs/33411712/D19-5047/HL3JJDMXX,2,12,10,276
33501827,D19-8343,/om/scratch/Mon/mabdel03/Tsai_Data/FASTQs/33501827/D19-8343,1,6,10,277
34542628,D22-2716,/om/scratch/Mon/mabdel03/Tsai_Data/FASTQs/34542628/D22-2716,1,8,10,278
34726040,D19-2462,/om/scratch/Mon/mabdel03/Tsai_Data/FASTQs/34726040/D19-2462,1,12,10,279
34779151,D19-2487,/om/scratch/Mon/mabdel03/Tsai_Data/FASTQs/34779151/D19-2487,1,12,10,280
34962204,D19-4117|D19-4117,/om/scratch/Mon/mabdel03/Tsai_Data/FASTQs/34962204/D19-4117/HKYYMDMXX|/om/scratch/Mon/mabdel03/Tsai_Data/FASTQs/34962204/D19-4117/10x-3855H,2,12,10,281
35941263,D19-4773|D19-4773,/om/scratch/Mon/mabdel03/Tsai_Data/FASTQs/35941263/D19-4773/10x-3877H|/om/scratch/Mon/mabdel03/Tsai_Data/FASTQs/35941263/D19-4773/HL2TKDMXX,2,12,10,282
36492755,D19-5971|D19-5971,/om/scratch/Mon/mabdel03/Tsai_Data/FASTQs/36492755/D19-5971/HKM22DMXX|/om/scratch/Mon/mabdel03/Tsai_Data/FASTQs/36492755/D19-5971/HL2LTDMXX,2,12,10,283
36830117,D19-5998|D19-5998,/om/scratch/Mon/mabdel03/Tsai_Data/FASTQs/36830117/D19-5998/HL2YTDMXX|/om/scratch/Mon/mabdel03/Tsai_Data/FASTQs/36830117/D19-5998/HKNF5DMXX,2,12,10,284
37030589,D19-2455,/om/scratch/Mon/mabdel03/Tsai_Data/FASTQs/37030589/D19-2455,1,12,10,285
37065652,D19-7331,/om/scratch/Mon/mabdel03/Tsai_Data/FASTQs/37065652/D19-7331,1,6,10,286
3713990,D19-5948|D19-5948,/om/scratch/Mon/mabdel03/Tsai_Data/FASTQs/3713990/D19-5948/HL2FCDMXX|/om/scratch/Mon/mabdel03/Tsai_Data/FASTQs/3713990/D19-5948/HKMG5DMXX,2,12,10,287
37178462,D19-2477,/om/scratch/Mon/mabdel03/Tsai_Data/FASTQs/37178462/D19-2477,1,12,10,288
37436329,D19-4128|D19-4128,/om/scratch/Mon/mabdel03/Tsai_Data/FASTQs/37436329/D19-4128/HKYYMDMXX|/om/scratch/Mon/mabdel03/Tsai_Data/FASTQs/37436329/D19-4128/10x-3855H,2,12,10,289
37527863,D19-8328,/om/scratch/Mon/mabdel03/Tsai_Data/FASTQs/37527863/D19-8328,1,6,10,290
38264019,D22-2709,/om/scratch/Mon/mabdel03/Tsai_Data/FASTQs/38264019/D22-2709,1,8,10,291
3889845,D19-4792|D19-4792,/om/scratch/Mon/mabdel03/Tsai_Data/FASTQs/3889845/D19-4792/10x-3877H|/om/scratch/Mon/mabdel03/Tsai_Data/FASTQs/3889845/D19-4792/HL2TKDMXX,2,12,10,292
39484737,D19-8325,/om/scratch/Mon/mabdel03/Tsai_Data/FASTQs/39484737/D19-8325,1,6,10,293
39989287,D19-7319,/om/scratch/Mon/mabdel03/Tsai_Data/FASTQs/39989287/D19-7319,1,6,10,294
41285665,D19-10914_16,/om/scratch/Mon/mabdel03/Tsai_Data/FASTQs/41285665/D19-10914_16,1,6,10,295
41773404,D19-4124|D19-4124,/om/scratch/Mon/mabdel03/Tsai_Data/FASTQs/41773404/D19-4124/10x-3855H|/om/scratch/Mon/mabdel03/Tsai_Data/FASTQs/41773404/D19-4124/HKYYMDMXX,2,12,10,296
42099069,D22-2704,/om/scratch/Mon/mabdel03/Tsai_Data/FASTQs/42099069/D22-2704,1,8,10,297
42988567,D20-7441|D20-7441,/om/scratch/Mon/mabdel03/Tsai_Data/FASTQs/42988567/D20-7441/10x-4819F|/om/scratch/Mon/mabdel03/Tsai_Data/FASTQs/42988567/D20-7441/10x-4826F,2,6,10,298
43074402,D19-6004|D19-6004,/om/scratch/Mon/mabdel03/Tsai_Data/FASTQs/43074402/D19-6004/HL2YTDMXX|/om/scratch/Mon/mabdel03/Tsai_Data/FASTQs/43074402/D19-6004/HKNF5DMXX,2,12,10,299
43485807,D19-5992|D19-5992,/om/scratch/Mon/mabdel03/Tsai_Data/FASTQs/43485807/D19-5992/HL2YTDMXX|/om/scratch/Mon/mabdel03/Tsai_Data/FASTQs/43485807/D19-5992/HKNF5DMXX,2,12,10,300
43596435,D19-1425,/om/scratch/Mon/mabdel03/Tsai_Data/FASTQs/43596435/D19-1425,1,12,11,301
44019405,D19-7305|D19-7305,/om/scratch/Mon/mabdel03/Tsai_Data/FASTQs/44019405/D19-7305/HLFG3DMXX|/om/scratch/Mon/mabdel03/Tsai_Data/FASTQs/44019405/D19-7305/HL2CHDMXX,2,12,11,302
44299049,D19-7497|D19-7497,/om/scratch/Mon/mabdel03/Tsai_Data/FASTQs/44299049/D19-7497/HLFG3DMXX|/om/scratch/Mon/mabdel03/Tsai_Data/FASTQs/44299049/D19-7497/HL2CHDMXX,2,12,11,303
44671043,D19-4795|D19-4795,/om/scratch/Mon/mabdel03/Tsai_Data/FASTQs/44671043/D19-4795/HL2TKDMXX|/om/scratch/Mon/mabdel03/Tsai_Data/FASTQs/44671043/D19-4795/10x-3877H,2,12,11,304
45115248,D19-6019|D19-6019,/om/scratch/Mon/mabdel03/Tsai_Data/FASTQs/45115248/D19-6019/HL2YTDMXX|/om/scratch/Mon/mabdel03/Tsai_Data/FASTQs/45115248/D19-6019/HKNF5DMXX,2,12,11,305
45566083,D19-4778|D19-4778,/om/scratch/Mon/mabdel03/Tsai_Data/FASTQs/45566083/D19-4778/HL2TKDMXX|/om/scratch/Mon/mabdel03/Tsai_Data/FASTQs/45566083/D19-4778/10x-3877H,2,12,11,306
46000440,D19-5977,/om/scratch/Mon/mabdel03/Tsai_Data/FASTQs/46000440/D19-5977,1,6,11,307
46246604,D19-4783|D19-4783|D20-7450|D20-7450,/om/scratch/Mon/mabdel03/Tsai_Data/FASTQs/46246604/D19-4783/10x-3877H|/om/scratch/Mon/mabdel03/Tsai_Data/FASTQs/46246604/D19-4783/HL2TKDMXX|/om/scratch/Mon/mabdel03/Tsai_Data/FASTQs/46246604/D20-7450/10x-4819F|/om/scratch/Mon/mabdel03/Tsai_Data/FASTQs/46246604/D20-7450/10x-4826F,4,18,11,308
46251007,D19-4115|D19-4115,/om/scratch/Mon/mabdel03/Tsai_Data/FASTQs/46251007/D19-4115/HKYYMDMXX|/om/scratch/Mon/mabdel03/Tsai_Data/FASTQs/46251007/D19-4115/10x-3855H,2,12,11,309
47189548,D20-7446|D20-7446,/om/scratch/Mon/mabdel03/Tsai_Data/FASTQs/47189548/D20-7446/10x-4819F|/om/scratch/Mon/mabdel03/Tsai_Data/FASTQs/47189548/D20-7446/10x-4826F,2,6,11,310
48023497,D19-2456,/om/scratch/Mon/mabdel03/Tsai_Data/FASTQs/48023497/D19-2456,1,12,11,311
482428,D19-10750|D19-10750,/om/scratch/Mon/mabdel03/Tsai_Data/FASTQs/482428/D19-10750/10x-4218G|/om/scratch/Mon/mabdel03/Tsai_Data/FASTQs/482428/D19-10750/10x-4182G,2,24,11,312
49676048,D20-7433|D20-7433,/om/scratch/Mon/mabdel03/Tsai_Data/FASTQs/49676048/D20-7433/10x-4819F|/om/scratch/Mon/mabdel03/Tsai_Data/FASTQs/49676048/D20-7433/10x-4826F,2,6,11,313
50100482,D20-7439|D20-7439,/om/scratch/Mon/mabdel03/Tsai_Data/FASTQs/50100482/D20-7439/10x-4819F|/om/scratch/Mon/mabdel03/Tsai_Data/FASTQs/50100482/D20-7439/10x-4826F,2,6,11,314
50100806,D19-5049|D19-5049,/om/scratch/Mon/mabdel03/Tsai_Data/FASTQs/50100806/D19-5049/10x-3914H|/om/scratch/Mon/mabdel03/Tsai_Data/FASTQs/50100806/D19-5049/HL3JJDMXX,2,12,11,315
50100932,D19-6018|D19-6018,/om/scratch/Mon/mabdel03/Tsai_Data/FASTQs/50100932/D19-6018/HL2YTDMXX|/om/scratch/Mon/mabdel03/Tsai_Data/FASTQs/50100932/D19-6018/HKNF5DMXX,2,12,11,316
50101523,D19-6008|D19-6008,/om/scratch/Mon/mabdel03/Tsai_Data/FASTQs/50101523/D19-6008/HKNF5DMXX|/om/scratch/Mon/mabdel03/Tsai_Data/FASTQs/50101523/D19-6008/HL2YTDMXX,2,12,11,317
50101659,D19-5046|D19-5046,/om/scratch/Mon/mabdel03/Tsai_Data/FASTQs/50101659/D19-5046/10x-3914H|/om/scratch/Mon/mabdel03/Tsai_Data/FASTQs/50101659/D19-5046/HL3JJDMXX,2,12,11,318
50101785,D19-5039|D19-5039,/om/scratch/Mon/mabdel03/Tsai_Data/FASTQs/50101785/D19-5039/HL3JJDMXX|/om/scratch/Mon/mabdel03/Tsai_Data/FASTQs/50101785/D19-5039/10x-3914H,2,12,11,319
50102088,D19-5945|D19-5945,/om/scratch/Mon/mabdel03/Tsai_Data/FASTQs/50102088/D19-5945/HKMG5DMXX|/om/scratch/Mon/mabdel03/Tsai_Data/FASTQs/50102088/D19-5945/HL2FCDMXX,2,12,11,320
50102114,D19-2460,/om/scratch/Mon/mabdel03/Tsai_Data/FASTQs/50102114/D19-2460,1,12,11,321
50102376,D19-5985,/om/scratch/Mon/mabdel03/Tsai_Data/FASTQs/50102376/D19-5985,1,6,11,322
50103129,D19-5970|D19-5970,/om/scratch/Mon/mabdel03/Tsai_Data/FASTQs/50103129/D19-5970/HKM22DMXX|/om/scratch/Mon/mabdel03/Tsai_Data/FASTQs/50103129/D19-5970/HL2LTDMXX,2,12,11,323
50104008,D19-4146|D19-4146,/om/scratch/Mon/mabdel03/Tsai_Data/FASTQs/50104008/D19-4146/10x-3862H|/om/scratch/Mon/mabdel03/Tsai_Data/FASTQs/50104008/D19-4146/HL32WDMXX,2,12,11,324
50104134,D19-5932|D19-5932,/om/scratch/Mon/mabdel03/Tsai_Data/FASTQs/50104134/D19-5932/HL2FCDMXX|/om/scratch/Mon/mabdel03/Tsai_Data/FASTQs/50104134/D19-5932/HKMG5DMXX,2,12,11,325
50105275,D20-7443|D20-7443,/om/scratch/Mon/mabdel03/Tsai_Data/FASTQs/50105275/D20-7443/10x-4819F|/om/scratch/Mon/mabdel03/Tsai_Data/FASTQs/50105275/D20-7443/10x-4826F,2,6,11,326
50105301,D19-4131|D19-4131|D20-7458|D20-7458,/om/scratch/Mon/mabdel03/Tsai_Data/FASTQs/50105301/D19-4131/HKYYMDMXX|/om/scratch/Mon/mabdel03/Tsai_Data/FASTQs/50105301/D19-4131/10x-3855H|/om/scratch/Mon/mabdel03/Tsai_Data/FASTQs/50105301/D20-7458/10x-4819F|/om/scratch/Mon/mabdel03/Tsai_Data/FASTQs/50105301/D20-7458/10x-4826F,4,18,11,327
50105699,D19-5955|D19-5955,/om/scratch/Mon/mabdel03/Tsai_Data/FASTQs/50105699/D19-5955/HKMG5DMXX|/om/scratch/Mon/mabdel03/Tsai_Data/FASTQs/50105699/D19-5955/HL2FCDMXX,2,12,11,328
50105725,D19-5042|D19-5042,/om/scratch/Mon/mabdel03/Tsai_Data/FASTQs/50105725/D19-5042/HL3JJDMXX|/om/scratch/Mon/mabdel03/Tsai_Data/FASTQs/50105725/D19-5042/10x-3914H,2,12,11,329
50106280,D19-2443,/om/scratch/Mon/mabdel03/Tsai_Data/FASTQs/50106280/D19-2443,1,12,11,330
50106442,D19-4797|D19-4797,/om/scratch/Mon/mabdel03/Tsai_Data/FASTQs/50106442/D19-4797/10x-3877H|/om/scratch/Mon/mabdel03/Tsai_Data/FASTQs/50106442/D19-4797/HL2TKDMXX,2,12,12,331
50106730,D19-5928|D19-5928,/om/scratch/Mon/mabdel03/Tsai_Data/FASTQs/50106730/D19-5928/HL2FCDMXX|/om/scratch/Mon/mabdel03/Tsai_Data/FASTQs/50106730/D19-5928/HKMG5DMXX,2,12,12,332
50107583,D19-5044|D19-5044,/om/scratch/Mon/mabdel03/Tsai_Data/FASTQs/50107583/D19-5044/HL3JJDMXX|/om/scratch/Mon/mabdel03/Tsai_Data/FASTQs/50107583/D19-5044/10x-3914H,2,12,12,333
50107619,D19-7340,/om/scratch/Mon/mabdel03/Tsai_Data/FASTQs/50107619/D19-7340,1,6,12,334
50107745,D19-5952|D19-5952,/om/scratch/Mon/mabdel03/Tsai_Data/FASTQs/50107745/D19-5952/HKMG5DMXX|/om/scratch/Mon/mabdel03/Tsai_Data/FASTQs/50107745/D19-5952/HL2FCDMXX,2,12,12,335
50107907,D19-6009|D19-6009,/om/scratch/Mon/mabdel03/Tsai_Data/FASTQs/50107907/D19-6009/HKNF5DMXX|/om/scratch/Mon/mabdel03/Tsai_Data/FASTQs/50107907/D19-6009/HL2YTDMXX,2,12,12,336
50108174,D20-7454|D20-7454,/om/scratch/Mon/mabdel03/Tsai_Data/FASTQs/50108174/D20-7454/10x-4826F|/om/scratch/Mon/mabdel03/Tsai_Data/FASTQs/50108174/D20-7454/10x-4819F,2,6,12,337
50108886,D19-10754|D19-10754,/om/scratch/Mon/mabdel03/Tsai_Data/FASTQs/50108886/D19-10754/10x-4218G|/om/scratch/Mon/mabdel03/Tsai_Data/FASTQs/50108886/D19-10754/10x-4182G,2,24,12,338
50108912,D19-7341|D20-7447|D20-7447,/om/scratch/Mon/mabdel03/Tsai_Data/FASTQs/50108912/D19-7341|/om/scratch/Mon/mabdel03/Tsai_Data/FASTQs/50108912/D20-7447/10x-4819F|/om/scratch/Mon/mabdel03/Tsai_Data/FASTQs/50108912/D20-7447/10x-4826F,3,12,12,339
50109477,D19-5982,/om/scratch/Mon/mabdel03/Tsai_Data/FASTQs/50109477/D19-5982,1,6,12,340
50109639,D19-4134|D19-4134,/om/scratch/Mon/mabdel03/Tsai_Data/FASTQs/50109639/D19-4134/HKYYMDMXX|/om/scratch/Mon/mabdel03/Tsai_Data/FASTQs/50109639/D19-4134/10x-3855H,2,12,12,341
50109927,D19-5972|D19-5972,/om/scratch/Mon/mabdel03/Tsai_Data/FASTQs/50109927/D19-5972/HKM22DMXX|/om/scratch/Mon/mabdel03/Tsai_Data/FASTQs/50109927/D19-5972/HL2LTDMXX,2,12,12,342
50111971,D22-2710|D22-2714,/om/scratch/Mon/mabdel03/Tsai_Data/FASTQs/50111971/D22-2710|/om/scratch/Mon/mabdel03/Tsai_Data/FASTQs/50111971/D22-2714,2,16,12,343
50197261,D19-5930|D19-5930,/om/scratch/Mon/mabdel03/Tsai_Data/FASTQs/50197261/D19-5930/HL2FCDMXX|/om/scratch/Mon/mabdel03/Tsai_Data/FASTQs/50197261/D19-5930/HKMG5DMXX,2,12,12,344
50300084,D19-4122|D19-4122,/om/scratch/Mon/mabdel03/Tsai_Data/FASTQs/50300084/D19-4122/HKYYMDMXX|/om/scratch/Mon/mabdel03/Tsai_Data/FASTQs/50300084/D19-4122/10x-3855H,2,12,12,345
50300408,D19-5966|D19-5966,/om/scratch/Mon/mabdel03/Tsai_Data/FASTQs/50300408/D19-5966/HL2LTDMXX|/om/scratch/Mon/mabdel03/Tsai_Data/FASTQs/50300408/D19-5966/HKM22DMXX,2,12,12,346
50300822,D19-10914_3,/om/scratch/Mon/mabdel03/Tsai_Data/FASTQs/50300822/D19-10914_3,1,6,12,347
50301099,D19-5960|D19-5960,/om/scratch/Mon/mabdel03/Tsai_Data/FASTQs/50301099/D19-5960/HKM22DMXX|/om/scratch/Mon/mabdel03/Tsai_Data/FASTQs/50301099/D19-5960/HL2LTDMXX,2,12,12,348
50301125,D19-4104|D19-4104,/om/scratch/Mon/mabdel03/Tsai_Data/FASTQs/50301125/D19-4104/10x-3855H|/om/scratch/Mon/mabdel03/Tsai_Data/FASTQs/50301125/D19-4104/HKYYMDMXX,2,12,12,349
50301387,D19-5956|D19-5956,/om/scratch/Mon/mabdel03/Tsai_Data/FASTQs/50301387/D19-5956/HKMG5DMXX|/om/scratch/Mon/mabdel03/Tsai_Data/FASTQs/50301387/D19-5956/HL2FCDMXX,2,12,12,350
50301675,D19-7294|D19-7294,/om/scratch/Mon/mabdel03/Tsai_Data/FASTQs/50301675/D19-7294/HL2CHDMXX|/om/scratch/Mon/mabdel03/Tsai_Data/FASTQs/50301675/D19-7294/HLFG3DMXX,2,12,12,351
50301963,D19-10914_4,/om/scratch/Mon/mabdel03/Tsai_Data/FASTQs/50301963/D19-10914_4,1,6,12,352
50302004,D19-5048|D19-5048,/om/scratch/Mon/mabdel03/Tsai_Data/FASTQs/50302004/D19-5048/HL3JJDMXX|/om/scratch/Mon/mabdel03/Tsai_Data/FASTQs/50302004/D19-5048/10x-3914H,2,12,12,353
50302266,D19-4106|D19-4106,/om/scratch/Mon/mabdel03/Tsai_Data/FASTQs/50302266/D19-4106/10x-3855H|/om/scratch/Mon/mabdel03/Tsai_Data/FASTQs/50302266/D19-4106/HKYYMDMXX,2,12,12,354
50302554,D19-6022|D19-6022,/om/scratch/Mon/mabdel03/Tsai_Data/FASTQs/50302554/D19-6022/HL2YTDMXX|/om/scratch/Mon/mabdel03/Tsai_Data/FASTQs/50302554/D19-6022/HKNF5DMXX,2,12,12,355
50400259,D19-8349,/om/scratch/Mon/mabdel03/Tsai_Data/FASTQs/50400259/D19-8349,1,6,12,356
50400385,D19-5967|D19-5967,/om/scratch/Mon/mabdel03/Tsai_Data/FASTQs/50400385/D19-5967/HL2LTDMXX|/om/scratch/Mon/mabdel03/Tsai_Data/FASTQs/50400385/D19-5967/HKM22DMXX,2,12,12,357
50400709,D19-2478,/om/scratch/Mon/mabdel03/Tsai_Data/FASTQs/50400709/D19-2478,1,12,12,358
50400835,D19-2483,/om/scratch/Mon/mabdel03/Tsai_Data/FASTQs/50400835/D19-2483,1,12,12,359
50401002,D19-4790|D19-4790,/om/scratch/Mon/mabdel03/Tsai_Data/FASTQs/50401002/D19-4790/HL2TKDMXX|/om/scratch/Mon/mabdel03/Tsai_Data/FASTQs/50401002/D19-4790/10x-3877H,2,12,12,360
50402567,D19-5947|D19-5947,/om/scratch/Mon/mabdel03/Tsai_Data/FASTQs/50402567/D19-5947/HL2FCDMXX|/om/scratch/Mon/mabdel03/Tsai_Data/FASTQs/50402567/D19-5947/HKMG5DMXX,2,12,13,361
50402729,D19-7320,/om/scratch/Mon/mabdel03/Tsai_Data/FASTQs/50402729/D19-7320,1,6,13,362
50403446,D19-2476,/om/scratch/Mon/mabdel03/Tsai_Data/FASTQs/50403446/D19-2476,1,12,13,363
50404299,D19-5929|D19-5929,/om/scratch/Mon/mabdel03/Tsai_Data/FASTQs/50404299/D19-5929/HL2FCDMXX|/om/scratch/Mon/mabdel03/Tsai_Data/FASTQs/50404299/D19-5929/HKMG5DMXX,2,12,13,364
50405042,D19-7501|D19-7501,/om/scratch/Mon/mabdel03/Tsai_Data/FASTQs/50405042/D19-7501/HL2CHDMXX|/om/scratch/Mon/mabdel03/Tsai_Data/FASTQs/50405042/D19-7501/HLFG3DMXX,2,12,13,365
50405330,D19-7338,/om/scratch/Mon/mabdel03/Tsai_Data/FASTQs/50405330/D19-7338,1,6,13,366
50406057,D19-6020|D19-6020,/om/scratch/Mon/mabdel03/Tsai_Data/FASTQs/50406057/D19-6020/HL2YTDMXX|/om/scratch/Mon/mabdel03/Tsai_Data/FASTQs/50406057/D19-6020/HKNF5DMXX,2,12,13,367
50409406,D20-7435|D20-7435,/om/scratch/Mon/mabdel03/Tsai_Data/FASTQs/50409406/D20-7435/10x-4826F|/om/scratch/Mon/mabdel03/Tsai_Data/FASTQs/50409406/D20-7435/10x-4819F,2,6,13,368
50410319,D19-2471,/om/scratch/Mon/mabdel03/Tsai_Data/FASTQs/50410319/D19-2471,1,12,13,369
50500136,D19-4114|D19-4114,/om/scratch/Mon/mabdel03/Tsai_Data/FASTQs/50500136/D19-4114/HKYYMDMXX|/om/scratch/Mon/mabdel03/Tsai_Data/FASTQs/50500136/D19-4114/10x-3855H,2,12,13,370
50500550,D19-8339,/om/scratch/Mon/mabdel03/Tsai_Data/FASTQs/50500550/D19-8339,1,6,13,371
51520126,D19-10914_13,/om/scratch/Mon/mabdel03/Tsai_Data/FASTQs/51520126/D19-10914_13,1,6,13,372
51624179,D19-10914_8,/om/scratch/Mon/mabdel03/Tsai_Data/FASTQs/51624179/D19-10914_8,1,6,13,373
51815338,D19-4775|D19-4775,/om/scratch/Mon/mabdel03/Tsai_Data/FASTQs/51815338/D19-4775/HL2TKDMXX|/om/scratch/Mon/mabdel03/Tsai_Data/FASTQs/51815338/D19-4775/10x-3877H,2,12,13,374
51826377,D19-4165|D19-4165,/om/scratch/Mon/mabdel03/Tsai_Data/FASTQs/51826377/D19-4165/HL32WDMXX|/om/scratch/Mon/mabdel03/Tsai_Data/FASTQs/51826377/D19-4165/10x-3862H,2,12,13,375
52311825,D19-7328,/om/scratch/Mon/mabdel03/Tsai_Data/FASTQs/52311825/D19-7328,1,6,13,376
52764842,D19-4130|D19-4130,/om/scratch/Mon/mabdel03/Tsai_Data/FASTQs/52764842/D19-4130/HKYYMDMXX|/om/scratch/Mon/mabdel03/Tsai_Data/FASTQs/52764842/D19-4130/10x-3855H,2,12,13,377
52940446,D19-8334,/om/scratch/Mon/mabdel03/Tsai_Data/FASTQs/52940446/D19-8334,1,6,13,378
53772202,D19-7287|D19-7287,/om/scratch/Mon/mabdel03/Tsai_Data/FASTQs/53772202/D19-7287/HLFG3DMXX|/om/scratch/Mon/mabdel03/Tsai_Data/FASTQs/53772202/D19-7287/HL2CHDMXX,2,12,13,379
54324848,D19-8346,/om/scratch/Mon/mabdel03/Tsai_Data/FASTQs/54324848/D19-8346,1,6,13,380
57978756,D19-4780|D19-4780,/om/scratch/Mon/mabdel03/Tsai_Data/FASTQs/57978756/D19-4780/10x-3877H|/om/scratch/Mon/mabdel03/Tsai_Data/FASTQs/57978756/D19-4780/HL2TKDMXX,2,12,13,381
60725338,D19-7317,/om/scratch/Mon/mabdel03/Tsai_Data/FASTQs/60725338/D19-7317,1,6,13,382
60747316,D19-5999|D19-5999,/om/scratch/Mon/mabdel03/Tsai_Data/FASTQs/60747316/D19-5999/HKNF5DMXX|/om/scratch/Mon/mabdel03/Tsai_Data/FASTQs/60747316/D19-5999/HL2YTDMXX,2,12,13,383
60848460,D19-5944|D19-5944,/om/scratch/Mon/mabdel03/Tsai_Data/FASTQs/60848460/D19-5944/HL2FCDMXX|/om/scratch/Mon/mabdel03/Tsai_Data/FASTQs/60848460/D19-5944/HKMG5DMXX,2,12,13,384
61029627,D19-7288|D19-7288,/om/scratch/Mon/mabdel03/Tsai_Data/FASTQs/61029627/D19-7288/HLFG3DMXX|/om/scratch/Mon/mabdel03/Tsai_Data/FASTQs/61029627/D19-7288/HL2CHDMXX,2,12,13,385
6107196,D19-4159|D19-4159,/om/scratch/Mon/mabdel03/Tsai_Data/FASTQs/6107196/D19-4159/HL32WDMXX|/om/scratch/Mon/mabdel03/Tsai_Data/FASTQs/6107196/D19-4159/10x-3862H,2,12,13,386
61142759,D19-4163|D19-4163,/om/scratch/Mon/mabdel03/Tsai_Data/FASTQs/61142759/D19-4163/HL32WDMXX|/om/scratch/Mon/mabdel03/Tsai_Data/FASTQs/61142759/D19-4163/10x-3862H,2,12,13,387
61344957,D19-4158|D19-4158,/om/scratch/Mon/mabdel03/Tsai_Data/FASTQs/61344957/D19-4158/HL32WDMXX|/om/scratch/Mon/mabdel03/Tsai_Data/FASTQs/61344957/D19-4158/10x-3862H,2,12,13,388
61827429,D19-2450,/om/scratch/Mon/mabdel03/Tsai_Data/FASTQs/61827429/D19-2450,1,12,13,389
62404688,D19-2464,/om/scratch/Mon/mabdel03/Tsai_Data/FASTQs/62404688/D19-2464,1,12,13,390
62483327,D19-5996|D19-5996,/om/scratch/Mon/mabdel03/Tsai_Data/FASTQs/62483327/D19-5996/HKNF5DMXX|/om/scratch/Mon/mabdel03/Tsai_Data/FASTQs/62483327/D19-5996/HL2YTDMXX,2,12,14,391
62574447,D22-2713,/om/scratch/Mon/mabdel03/Tsai_Data/FASTQs/62574447/D22-2713,1,8,14,392
63188799,D19-7312,/om/scratch/Mon/mabdel03/Tsai_Data/FASTQs/63188799/D19-7312,1,6,14,393
64291829,D19-4774|D19-4774,/om/scratch/Mon/mabdel03/Tsai_Data/FASTQs/64291829/D19-4774/HL2TKDMXX|/om/scratch/Mon/mabdel03/Tsai_Data/FASTQs/64291829/D19-4774/10x-3877H,2,12,14,394
64336939,D22-2705,/om/scratch/Mon/mabdel03/Tsai_Data/FASTQs/64336939/D22-2705,1,8,14,395
64493027,D19-5973|D19-5973,/om/scratch/Mon/mabdel03/Tsai_Data/FASTQs/64493027/D19-5973/HKM22DMXX|/om/scratch/Mon/mabdel03/Tsai_Data/FASTQs/64493027/D19-5973/HL2LTDMXX,2,12,14,396
65001607,D19-6010|D19-6010|D20-7455|D20-7455,/om/scratch/Mon/mabdel03/Tsai_Data/FASTQs/65001607/D19-6010/HL2YTDMXX|/om/scratch/Mon/mabdel03/Tsai_Data/FASTQs/65001607/D19-6010/HKNF5DMXX|/om/scratch/Mon/mabdel03/Tsai_Data/FASTQs/65001607/D20-7455/10x-4819F|/om/scratch/Mon/mabdel03/Tsai_Data/FASTQs/65001607/D20-7455/10x-4826F,4,18,14,397
65002324,D22-2703,/om/scratch/Mon/mabdel03/Tsai_Data/FASTQs/65002324/D22-2703,1,8,14,398
65292866,D19-5987,/om/scratch/Mon/mabdel03/Tsai_Data/FASTQs/65292866/D19-5987,1,6,14,399
65499271,D22-2715,/om/scratch/Mon/mabdel03/Tsai_Data/FASTQs/65499271/D22-2715,1,8,14,400
65652206,D19-2475,/om/scratch/Mon/mabdel03/Tsai_Data/FASTQs/65652206/D19-2475,1,12,14,401
66406040,D19-7295|D19-7295,/om/scratch/Mon/mabdel03/Tsai_Data/FASTQs/66406040/D19-7295/HL2CHDMXX|/om/scratch/Mon/mabdel03/Tsai_Data/FASTQs/66406040/D19-7295/HLFG3DMXX,2,12,14,402
66754397,D19-2466,/om/scratch/Mon/mabdel03/Tsai_Data/FASTQs/66754397/D19-2466,1,12,14,403
66924745,D19-5997|D19-5997,/om/scratch/Mon/mabdel03/Tsai_Data/FASTQs/66924745/D19-5997/HL2YTDMXX|/om/scratch/Mon/mabdel03/Tsai_Data/FASTQs/66924745/D19-5997/HKNF5DMXX,2,12,14,404
67185070,D19-7281|D19-7281,/om/scratch/Mon/mabdel03/Tsai_Data/FASTQs/67185070/D19-7281/HL2CHDMXX|/om/scratch/Mon/mabdel03/Tsai_Data/FASTQs/67185070/D19-7281/HLFG3DMXX,2,12,14,405
67429065,D19-2442,/om/scratch/Mon/mabdel03/Tsai_Data/FASTQs/67429065/D19-2442,1,12,14,406
68015667,D19-6001|D19-6001,/om/scratch/Mon/mabdel03/Tsai_Data/FASTQs/68015667/D19-6001/HL2YTDMXX|/om/scratch/Mon/mabdel03/Tsai_Data/FASTQs/68015667/D19-6001/HKNF5DMXX,2,12,14,407
6804844,D19-2449,/om/scratch/Mon/mabdel03/Tsai_Data/FASTQs/6804844/D19-2449,1,12,14,408
68525196,D19-8353,/om/scratch/Mon/mabdel03/Tsai_Data/FASTQs/68525196/D19-8353,1,6,14,409
68539908,D19-2453,/om/scratch/Mon/mabdel03/Tsai_Data/FASTQs/68539908/D19-2453,1,12,14,410
68745332,D19-4111|D19-4111,/om/scratch/Mon/mabdel03/Tsai_Data/FASTQs/68745332/D19-4111/HKYYMDMXX|/om/scratch/Mon/mabdel03/Tsai_Data/FASTQs/68745332/D19-4111/10x-3855H,2,12,14,411
69982533,D19-7292|D19-7292,/om/scratch/Mon/mabdel03/Tsai_Data/FASTQs/69982533/D19-7292/HLFG3DMXX|/om/scratch/Mon/mabdel03/Tsai_Data/FASTQs/69982533/D19-7292/HL2CHDMXX,2,12,14,412
70153803,D19-4793|D19-4793,/om/scratch/Mon/mabdel03/Tsai_Data/FASTQs/70153803/D19-4793/HL2TKDMXX|/om/scratch/Mon/mabdel03/Tsai_Data/FASTQs/70153803/D19-4793/10x-3877H,2,12,14,413
70421820,D19-8324,/om/scratch/Mon/mabdel03/Tsai_Data/FASTQs/70421820/D19-8324,1,6,14,414
70625336,D19-4119|D19-4119,/om/scratch/Mon/mabdel03/Tsai_Data/FASTQs/70625336/D19-4119/HKYYMDMXX|/om/scratch/Mon/mabdel03/Tsai_Data/FASTQs/70625336/D19-4119/10x-3855H,2,12,14,415
70816595,D19-4123|D19-4123,/om/scratch/Mon/mabdel03/Tsai_Data/FASTQs/70816595/D19-4123/10x-3855H|/om/scratch/Mon/mabdel03/Tsai_Data/FASTQs/70816595/D19-4123/HKYYMDMXX,2,12,14,416
70883578,D19-5057|D19-5057,/om/scratch/Mon/mabdel03/Tsai_Data/FASTQs/70883578/D19-5057/10x-3914H|/om/scratch/Mon/mabdel03/Tsai_Data/FASTQs/70883578/D19-5057/HL3JJDMXX,2,12,14,417
70917649,D19-7339,/om/scratch/Mon/mabdel03/Tsai_Data/FASTQs/70917649/D19-7339,1,6,14,418
71626373,D19-5946|D19-5946,/om/scratch/Mon/mabdel03/Tsai_Data/FASTQs/71626373/D19-5946/HL2FCDMXX|/om/scratch/Mon/mabdel03/Tsai_Data/FASTQs/71626373/D19-5946/HKMG5DMXX,2,12,14,419
71648351,D20-7440|D20-7440,/om/scratch/Mon/mabdel03/Tsai_Data/FASTQs/71648351/D20-7440/10x-4826F|/om/scratch/Mon/mabdel03/Tsai_Data/FASTQs/71648351/D20-7440/10x-4819F,2,6,14,420
7253015,D19-7293|D19-7293,/om/scratch/Mon/mabdel03/Tsai_Data/FASTQs/7253015/D19-7293/HLFG3DMXX|/om/scratch/Mon/mabdel03/Tsai_Data/FASTQs/7253015/D19-7293/HL2CHDMXX,2,12,15,421
72650337,D19-5983,/om/scratch/Mon/mabdel03/Tsai_Data/FASTQs/72650337/D19-5983,1,6,15,422
7265221,D19-10914_12,/om/scratch/Mon/mabdel03/Tsai_Data/FASTQs/7265221/D19-10914_12,1,6,15,423
72777797,D19-4129|D19-4129,/om/scratch/Mon/mabdel03/Tsai_Data/FASTQs/72777797/D19-4129/HKYYMDMXX|/om/scratch/Mon/mabdel03/Tsai_Data/FASTQs/72777797/D19-4129/10x-3855H,2,12,15,424
7311370,D19-7315,/om/scratch/Mon/mabdel03/Tsai_Data/FASTQs/7311370/D19-7315,1,6,15,425
74284255,D19-4133|D19-4133,/om/scratch/Mon/mabdel03/Tsai_Data/FASTQs/74284255/D19-4133/HKYYMDMXX|/om/scratch/Mon/mabdel03/Tsai_Data/FASTQs/74284255/D19-4133/10x-3855H,2,12,15,426
74753465,D19-7314,/om/scratch/Mon/mabdel03/Tsai_Data/FASTQs/74753465/D19-7314,1,6,15,427
75169847,D19-8338,/om/scratch/Mon/mabdel03/Tsai_Data/FASTQs/75169847/D19-8338,1,6,15,428
75990666,D19-4784|D19-4784,/om/scratch/Mon/mabdel03/Tsai_Data/FASTQs/75990666/D19-4784/10x-3877H|/om/scratch/Mon/mabdel03/Tsai_Data/FASTQs/75990666/D19-4784/HL2TKDMXX,2,12,15,429
76647134,D17-8774,/om/scratch/Mon/mabdel03/Tsai_Data/FASTQs/76647134/D17-8774,1,12,15,430
76733461,D19-4166|D19-4166,/om/scratch/Mon/mabdel03/Tsai_Data/FASTQs/76733461/D19-4166/10x-3862H|/om/scratch/Mon/mabdel03/Tsai_Data/FASTQs/76733461/D19-4166/HL32WDMXX,2,12,15,431
76867532,D19-7333,/om/scratch/Mon/mabdel03/Tsai_Data/FASTQs/76867532/D19-7333,1,6,15,432
77143621,D19-5979,/om/scratch/Mon/mabdel03/Tsai_Data/FASTQs/77143621/D19-5979,1,6,15,433
77239958,D19-4785|D19-4785,/om/scratch/Mon/mabdel03/Tsai_Data/FASTQs/77239958/D19-4785/HL2TKDMXX|/om/scratch/Mon/mabdel03/Tsai_Data/FASTQs/77239958/D19-4785/10x-3877H,2,12,15,434
77891596,D19-4121|D19-4121,/om/scratch/Mon/mabdel03/Tsai_Data/FASTQs/77891596/D19-4121/10x-3855H|/om/scratch/Mon/mabdel03/Tsai_Data/FASTQs/77891596/D19-4121/HKYYMDMXX,2,12,15,435
78353027,D19-4798|D19-4798,/om/scratch/Mon/mabdel03/Tsai_Data/FASTQs/78353027/D19-4798/HL2TKDMXX|/om/scratch/Mon/mabdel03/Tsai_Data/FASTQs/78353027/D19-4798/10x-3877H,2,12,15,436
78452313,D19-2445,/om/scratch/Mon/mabdel03/Tsai_Data/FASTQs/78452313/D19-2445,1,12,15,437
79590778,D19-8336,/om/scratch/Mon/mabdel03/Tsai_Data/FASTQs/79590778/D19-8336,1,6,15,438
80790863,D19-8348,/om/scratch/Mon/mabdel03/Tsai_Data/FASTQs/80790863/D19-8348,1,6,15,439
81086436,D19-8341,/om/scratch/Mon/mabdel03/Tsai_Data/FASTQs/81086436/D19-8341,1,6,15,440
8109170,D19-7496|D19-7496,/om/scratch/Mon/mabdel03/Tsai_Data/FASTQs/8109170/D19-7496/HLFG3DMXX|/om/scratch/Mon/mabdel03/Tsai_Data/FASTQs/8109170/D19-7496/HL2CHDMXX,2,12,15,441
8132197,D19-5994|D19-5994,/om/scratch/Mon/mabdel03/Tsai_Data/FASTQs/8132197/D19-5994/HKNF5DMXX|/om/scratch/Mon/mabdel03/Tsai_Data/FASTQs/8132197/D19-5994/HL2YTDMXX,2,12,15,442
82317494,D19-2481,/om/scratch/Mon/mabdel03/Tsai_Data/FASTQs/82317494/D19-2481,1,12,15,443
82684406,D19-6016|D19-6016,/om/scratch/Mon/mabdel03/Tsai_Data/FASTQs/82684406/D19-6016/HKNF5DMXX|/om/scratch/Mon/mabdel03/Tsai_Data/FASTQs/82684406/D19-6016/HL2YTDMXX,2,12,15,444
83034844,D19-2479,/om/scratch/Mon/mabdel03/Tsai_Data/FASTQs/83034844/D19-2479,1,12,15,445
83173570,D19-8330,/om/scratch/Mon/mabdel03/Tsai_Data/FASTQs/83173570/D19-8330,1,6,15,446
83984043,D19-7336,/om/scratch/Mon/mabdel03/Tsai_Data/FASTQs/83984043/D19-7336,1,6,15,447
84417209,D19-4789|D19-4789,/om/scratch/Mon/mabdel03/Tsai_Data/FASTQs/84417209/D19-4789/HL2TKDMXX|/om/scratch/Mon/mabdel03/Tsai_Data/FASTQs/84417209/D19-4789/10x-3877H,2,12,15,448
84642424,D19-6011|D19-6011,/om/scratch/Mon/mabdel03/Tsai_Data/FASTQs/84642424/D19-6011/HKNF5DMXX|/om/scratch/Mon/mabdel03/Tsai_Data/FASTQs/84642424/D19-6011/HL2YTDMXX,2,12,15,449
84653463,D20-7453|D20-7453,/om/scratch/Mon/mabdel03/Tsai_Data/FASTQs/84653463/D20-7453/10x-4819F|/om/scratch/Mon/mabdel03/Tsai_Data/FASTQs/84653463/D20-7453/10x-4826F,2,6,15,450
85065193,D19-5984,/om/scratch/Mon/mabdel03/Tsai_Data/FASTQs/85065193/D19-5984,1,6,16,451
85171938,D19-4791|D19-4791,/om/scratch/Mon/mabdel03/Tsai_Data/FASTQs/85171938/D19-4791/10x-3877H|/om/scratch/Mon/mabdel03/Tsai_Data/FASTQs/85171938/D19-4791/HL2TKDMXX,2,12,16,452
86408244,D19-5963|D19-5963,/om/scratch/Mon/mabdel03/Tsai_Data/FASTQs/86408244/D19-5963/HKM22DMXX|/om/scratch/Mon/mabdel03/Tsai_Data/FASTQs/86408244/D19-5963/HL2LTDMXX,2,12,16,453
86934089,D19-2457,/om/scratch/Mon/mabdel03/Tsai_Data/FASTQs/86934089/D19-2457,1,12,16,454
87410220,D19-7495|D19-7495,/om/scratch/Mon/mabdel03/Tsai_Data/FASTQs/87410220/D19-7495/HLFG3DMXX|/om/scratch/Mon/mabdel03/Tsai_Data/FASTQs/87410220/D19-7495/HL2CHDMXX,2,12,16,455
87645445,D19-8333,/om/scratch/Mon/mabdel03/Tsai_Data/FASTQs/87645445/D19-8333,1,6,16,456
87779516,D19-5968|D19-5968,/om/scratch/Mon/mabdel03/Tsai_Data/FASTQs/87779516/D19-5968/HL2LTDMXX|/om/scratch/Mon/mabdel03/Tsai_Data/FASTQs/87779516/D19-5968/HKM22DMXX,2,12,16,457
89001223,D19-4162|D19-4162,/om/scratch/Mon/mabdel03/Tsai_Data/FASTQs/89001223/D19-4162/HL32WDMXX|/om/scratch/Mon/mabdel03/Tsai_Data/FASTQs/89001223/D19-4162/10x-3862H,2,12,16,458
89164957,D19-5056|D19-5056,/om/scratch/Mon/mabdel03/Tsai_Data/FASTQs/89164957/D19-5056/HL3JJDMXX|/om/scratch/Mon/mabdel03/Tsai_Data/FASTQs/89164957/D19-5056/10x-3914H,2,12,16,459
89546375,D19-4794|D19-4794|D20-7434|D20-7434,/om/scratch/Mon/mabdel03/Tsai_Data/FASTQs/89546375/D19-4794/HL2TKDMXX|/om/scratch/Mon/mabdel03/Tsai_Data/FASTQs/89546375/D19-4794/10x-3877H|/om/scratch/Mon/mabdel03/Tsai_Data/FASTQs/89546375/D20-7434/10x-4819F|/om/scratch/Mon/mabdel03/Tsai_Data/FASTQs/89546375/D20-7434/10x-4826F,4,18,16,460
89903942,D19-7283|D19-7283,/om/scratch/Mon/mabdel03/Tsai_Data/FASTQs/89903942/D19-7283/HLFG3DMXX|/om/scratch/Mon/mabdel03/Tsai_Data/FASTQs/89903942/D19-7283/HL2CHDMXX,2,12,16,461
90267190,D19-5974|D19-5974,/om/scratch/Mon/mabdel03/Tsai_Data/FASTQs/90267190/D19-5974/HKM22DMXX|/om/scratch/Mon/mabdel03/Tsai_Data/FASTQs/90267190/D19-5974/HL2LTDMXX,2,12,16,462
90780976,D19-2452,/om/scratch/Mon/mabdel03/Tsai_Data/FASTQs/90780976/D19-2452,1,12,16,463
90942860,D19-5953|D19-5953,/om/scratch/Mon/mabdel03/Tsai_Data/FASTQs/90942860/D19-5953/HL2FCDMXX|/om/scratch/Mon/mabdel03/Tsai_Data/FASTQs/90942860/D19-5953/HKMG5DMXX,2,12,16,464
91018909,D19-5942|D19-5942,/om/scratch/Mon/mabdel03/Tsai_Data/FASTQs/91018909/D19-5942/HKMG5DMXX|/om/scratch/Mon/mabdel03/Tsai_Data/FASTQs/91018909/D19-5942/HL2FCDMXX,2,12,16,465
91444029,D19-2447,/om/scratch/Mon/mabdel03/Tsai_Data/FASTQs/91444029/D19-2447,1,12,16,466
91707643,D19-7304|D19-7304,/om/scratch/Mon/mabdel03/Tsai_Data/FASTQs/91707643/D19-7304/HLFG3DMXX|/om/scratch/Mon/mabdel03/Tsai_Data/FASTQs/91707643/D19-7304/HL2CHDMXX,2,12,16,467
92393245,D19-8327,/om/scratch/Mon/mabdel03/Tsai_Data/FASTQs/92393245/D19-8327,1,6,16,468
92629514,D19-2468,/om/scratch/Mon/mabdel03/Tsai_Data/FASTQs/92629514/D19-2468,1,12,16,469
93815598,D19-5961|D19-5961,/om/scratch/Mon/mabdel03/Tsai_Data/FASTQs/93815598/D19-5961/HL2LTDMXX|/om/scratch/Mon/mabdel03/Tsai_Data/FASTQs/93815598/D19-5961/HKM22DMXX,2,12,16,470
94092977,D19-5941|D19-5941,/om/scratch/Mon/mabdel03/Tsai_Data/FASTQs/94092977/D19-5941/HL2FCDMXX|/om/scratch/Mon/mabdel03/Tsai_Data/FASTQs/94092977/D19-5941/HKMG5DMXX,2,12,16,471
94144536,D19-10914_14,/om/scratch/Mon/mabdel03/Tsai_Data/FASTQs/94144536/D19-10914_14,1,6,16,472
94430339,D19-2444,/om/scratch/Mon/mabdel03/Tsai_Data/FASTQs/94430339/D19-2444,1,12,16,473
94974890,D19-2454,/om/scratch/Mon/mabdel03/Tsai_Data/FASTQs/94974890/D19-2454,1,12,16,474
95491648,D19-7286|D19-7286,/om/scratch/Mon/mabdel03/Tsai_Data/FASTQs/95491648/D19-7286/HL2CHDMXX|/om/scratch/Mon/mabdel03/Tsai_Data/FASTQs/95491648/D19-7286/HLFG3DMXX,2,12,16,475
95919181,D19-2482,/om/scratch/Mon/mabdel03/Tsai_Data/FASTQs/95919181/D19-2482,1,12,16,476
96095092,D19-2448,/om/scratch/Mon/mabdel03/Tsai_Data/FASTQs/96095092/D19-2448,1,12,16,477
9650662,D19-7280|D19-7280,/om/scratch/Mon/mabdel03/Tsai_Data/FASTQs/9650662/D19-7280/HL2CHDMXX|/om/scratch/Mon/mabdel03/Tsai_Data/FASTQs/9650662/D19-7280/HLFG3DMXX,2,12,16,478
9841821,D19-5981,/om/scratch/Mon/mabdel03/Tsai_Data/FASTQs/9841821/D19-5981,1,6,16,479
98953007,D19-2480,/om/scratch/Mon/mabdel03/Tsai_Data/FASTQs/98953007/D19-2480,1,12,16,480
